Timestamp,Bytes_Hex,V1,V2,V3,V4,V5,V6
2026-10-06 15:57:47.925,18b2b2b1b2b2a518b2b2b2b2a5,-197.90,-197.91,-231.18,-199.44,-197.90,-231.18
2026-10-06 15:57:48.445,18b2b2b3b2b268a118b2b20102,-197.90,-197.89,268.02,63.05,-197.90,5.13
2026-10-06 15:57:48.958,03040506a318b2b2b1b2b2a518,12.84,-238.02,-199.44,-200.46,-197.90,63.09
2026-10-06 15:57:49.474,b2b2b3b2b2a518b2b2b268a618,-195.34,-197.90,63.09,-197.90,268.02,63.10
2026-10-06 15:57:49.986,b2010203040506a318b2b2b2b1,5.13,10.27,15.41,63.07,-197.90,-200.46
2026-10-06 15:57:50.499,a518b2b2b2b3a518b2b268b267,-199.44,-197.90,-231.17,-199.44,268.02,265.46
2026-10-06 15:57:51.015,b3a3b1b3b168ffffffffffffff,-200.61,-200.45,-1.52,-0.01,-0.01,-0.01
2026-10-06 15:57:51.527,ffffffffffffffffffffffffff,-0.01,-0.01,-0.01,-0.01,-0.01,-0.01
2026-10-06 15:57:52.044,ffffffffffffffffffffffffff,-0.01,-0.01,-0.01,-0.01,-0.01,-0.01
2026-10-06 15:57:52.559,ffffffffffffffffffffffffff,-0.01,-0.01,-0.01,-0.01,-0.01,-0.01
2026-10-06 15:57:53.071,ffffffffffffffffffffffffff,-0.01,-0.01,-0.01,-0.01,-0.01,-0.01
2026-10-06 15:57:53.573,ffffffffffffffffffffffffff,-0.01,-0.01,-0.01,-0.01,-0.01,-0.01
2026-10-06 15:57:54.085,ffffffffffffffffffffffffff,-0.01,-0.01,-0.01,-0.01,-0.01,-0.01
2026-10-06 15:57:54.597,ffffffffffffffffffffffffff,-0.01,-0.01,-0.01,-0.01,-0.01,-0.01
2026-10-06 15:57:55.099,ffffffffffffffffffffffffff,-0.01,-0.01,-0.01,-0.01,-0.01,-0.01
2026-10-06 15:57:55.612,ffffffffffffffffffffffffff,-0.01,-0.01,-0.01,-0.01,-0.01,-0.01
2026-10-06 15:57:56.126,ffffffffffffffffffffffffff,-0.01,-0.01,-0.01,-0.01,-0.01,-0.01
2026-10-06 15:57:56.640,ffffffffffffffffffffffffff,-0.01,-0.01,-0.01,-0.01,-0.01,-0.01
2026-10-06 15:57:57.145,ffffffffffffffffffffffffff,-0.01,-0.01,-0.01,-0.01,-0.01,-0.01
2026-10-06 15:57:57.647,ffffffffffffffffffffffffff,-0.01,-0.01,-0.01,-0.01,-0.01,-0.01
2026-10-06 15:57:58.149,ffffffffffffffffffffffffff,-0.01,-0.01,-0.01,-0.01,-0.01,-0.01
2026-10-06 15:57:58.663,ffffffffffffffffffffffffff,-0.01,-0.01,-0.01,-0.01,-0.01,-0.01
2026-10-06 15:57:59.164,ffffffffffffffffffffffffff,-0.01,-0.01,-0.01,-0.01,-0.01,-0.01
2026-10-06 15:57:59.678,ffffffffffffffffffffffffff,-0.01,-0.01,-0.01,-0.01,-0.01,-0.01
2026-10-06 15:58:00.193,ffffffffffffffffffffffffff,-0.01,-0.01,-0.01,-0.01,-0.01,-0.01
2026-10-06 15:58:00.708,ffffffffffffffffffffffffff,-0.01,-0.01,-0.01,-0.01,-0.01,-0.01
2026-10-06 15:58:01.222,ffffffffffffffffffffffffff,-0.01,-0.01,-0.01,-0.01,-0.01,-0.01
2026-10-06 15:58:01.733,ffffffffffffffffffffffffff,-0.01,-0.01,-0.01,-0.01,-0.01,-0.01
2026-10-06 15:58:02.248,ffffffffffffffffffffffffff,-0.01,-0.01,-0.01,-0.01,-0.01,-0.01
2026-10-06 15:58:02.762,ffffffffffffffffffffffffff,-0.01,-0.01,-0.01,-0.01,-0.01,-0.01
2026-10-06 15:58:03.275,ffffffffffffffffffffffffff,-0.01,-0.01,-0.01,-0.01,-0.01,-0.01
2026-10-06 15:58:03.786,ffffffffffffffffffffffffff,-0.01,-0.01,-0.01,-0.01,-0.01,-0.01
2026-10-06 15:58:04.287,ffffffffffffffffffffffffff,-0.01,-0.01,-0.01,-0.01,-0.01,-0.01
2026-10-06 15:58:04.800,ffffffffffffffffffffffffff,-0.01,-0.01,-0.01,-0.01,-0.01,-0.01
2026-10-06 15:58:05.316,ffffffffffffffffffffffffff,-0.01,-0.01,-0.01,-0.01,-0.01,-0.01
2026-10-06 15:58:05.818,ffffffffffffffffffffffffff,-0.01,-0.01,-0.01,-0.01,-0.01,-0.01
2026-10-06 15:58:06.331,ffffffffffffffffffffffffff,-0.01,-0.01,-0.01,-0.01,-0.01,-0.01
2026-10-06 15:58:06.843,ffffffffffffffffffffffffff,-0.01,-0.01,-0.01,-0.01,-0.01,-0.01
2026-10-06 15:58:07.345,ffffffffffffffffffffffffff,-0.01,-0.01,-0.01,-0.01,-0.01,-0.01
2026-10-06 15:58:07.854,ffffffffffffffffffffffffff,-0.01,-0.01,-0.01,-0.01,-0.01,-0.01
2026-10-06 15:58:08.356,ffffffffffffffffffffffffff,-0.01,-0.01,-0.01,-0.01,-0.01,-0.01
2026-10-06 15:58:08.869,ffffffffffffffffffffffffff,-0.01,-0.01,-0.01,-0.01,-0.01,-0.01
2026-10-06 15:58:09.382,ffffffffffffffffffffffffff,-0.01,-0.01,-0.01,-0.01,-0.01,-0.01
2026-10-06 15:58:09.896,ffffffffffffffffffffffffff,-0.01,-0.01,-0.01,-0.01,-0.01,-0.01
2026-10-06 15:58:10.410,ffffffffffffffffffffffffff,-0.01,-0.01,-0.01,-0.01,-0.01,-0.01
2026-10-06 15:58:10.924,ffffffffffffffffffffffffff,-0.01,-0.01,-0.01,-0.01,-0.01,-0.01
2026-10-06 15:58:11.439,ffffffffffffffffffffffffff,-0.01,-0.01,-0.01,-0.01,-0.01,-0.01
2026-10-06 15:58:11.955,ffffffffffffffffffffffffff,-0.01,-0.01,-0.01,-0.01,-0.01,-0.01
2026-10-06 15:58:12.468,ffffffffffffffffffffffffff,-0.01,-0.01,-0.01,-0.01,-0.01,-0.01
2026-10-06 15:58:12.983,ffffffffffffffffffffffffff,-0.01,-0.01,-0.01,-0.01,-0.01,-0.01
2026-10-06 15:58:13.497,ffffffffffffffffffffffffff,-0.01,-0.01,-0.01,-0.01,-0.01,-0.01
2026-10-06 15:58:14.011,ffffffffffffffffffffffffff,-0.01,-0.01,-0.01,-0.01,-0.01,-0.01
2026-10-06 15:58:14.527,ffffffffffffffffffffffffff,-0.01,-0.01,-0.01,-0.01,-0.01,-0.01
2026-10-06 15:58:15.041,ffffffffffffffffffffffffff,-0.01,-0.01,-0.01,-0.01,-0.01,-0.01
2026-10-06 15:58:15.556,ffffffffffffffffffffffffff,-0.01,-0.01,-0.01,-0.01,-0.01,-0.01
2026-10-06 15:58:16.071,ffffffffffffffffffffffffff,-0.01,-0.01,-0.01,-0.01,-0.01,-0.01
2026-10-06 15:58:16.585,ffffffffffffffffffffffffff,-0.01,-0.01,-0.01,-0.01,-0.01,-0.01
2026-10-06 15:58:17.100,ffffffffffffffffffffffffff,-0.01,-0.01,-0.01,-0.01,-0.01,-0.01
2026-10-06 15:58:17.614,ffffffffffffffffffffffffff,-0.01,-0.01,-0.01,-0.01,-0.01,-0.01
2026-10-06 15:58:18.130,ffffffffffffffffffffffffff,-0.01,-0.01,-0.01,-0.01,-0.01,-0.01
2026-10-06 15:58:18.649,ffffffffffffffffffffffffff,-0.01,-0.01,-0.01,-0.01,-0.01,-0.01
2026-10-06 15:58:19.164,ffffffffffffffffffffffffff,-0.01,-0.01,-0.01,-0.01,-0.01,-0.01
2026-10-06 15:58:19.675,ffffffffffffffffffffffffff,-0.01,-0.01,-0.01,-0.01,-0.01,-0.01
2026-10-06 15:58:20.189,ffffffffffffffffffffffffff,-0.01,-0.01,-0.01,-0.01,-0.01,-0.01
2026-10-06 15:58:20.703,ffffffffffffffffffffffffff,-0.01,-0.01,-0.01,-0.01,-0.01,-0.01
2026-10-06 15:58:21.215,ffffffffffffffffffffffffff,-0.01,-0.01,-0.01,-0.01,-0.01,-0.01
2026-10-06 15:58:21.718,ffffffffffffffffffffffffff,-0.01,-0.01,-0.01,-0.01,-0.01,-0.01
2026-10-06 15:58:22.227,ffffffffffffffffffffffffff,-0.01,-0.01,-0.01,-0.01,-0.01,-0.01
2026-10-06 15:58:22.743,ffffffffffffffffffffffffff,-0.01,-0.01,-0.01,-0.01,-0.01,-0.01
2026-10-06 15:58:23.258,ffffffffffffffffffffffffff,-0.01,-0.01,-0.01,-0.01,-0.01,-0.01
2026-10-06 15:58:23.771,ffffffffffffffffffffffffff,-0.01,-0.01,-0.01,-0.01,-0.01,-0.01
2026-10-06 15:58:24.285,ffffffffffffffffffffffffff,-0.01,-0.01,-0.01,-0.01,-0.01,-0.01
2026-10-06 15:58:24.801,ffffffffffffffffffffffffff,-0.01,-0.01,-0.01,-0.01,-0.01,-0.01
2026-10-06 15:58:25.315,ffffffffffffffffffffffffff,-0.01,-0.01,-0.01,-0.01,-0.01,-0.01
2026-10-06 15:58:25.829,ffffffffffffffffffffffffff,-0.01,-0.01,-0.01,-0.01,-0.01,-0.01
2026-10-06 15:58:26.342,ffffffffffffffffffffffffff,-0.01,-0.01,-0.01,-0.01,-0.01,-0.01
2026-10-06 15:58:26.857,ffffffffffffffffffffffffff,-0.01,-0.01,-0.01,-0.01,-0.01,-0.01
2026-10-06 15:58:27.358,ffffffffffffffffffffffffff,-0.01,-0.01,-0.01,-0.01,-0.01,-0.01
2026-10-06 15:58:27.873,ffffffffffffffffffffffffff,-0.01,-0.01,-0.01,-0.01,-0.01,-0.01
2026-10-06 15:58:28.387,ffffffffffffffffffffffffff,-0.01,-0.01,-0.01,-0.01,-0.01,-0.01
2026-10-06 15:58:28.899,ffffffffffffffffffffffffff,-0.01,-0.01,-0.01,-0.01,-0.01,-0.01
2026-10-06 15:58:29.414,ffffffffffffffffffffffffff,-0.01,-0.01,-0.01,-0.01,-0.01,-0.01
2026-10-06 15:58:29.930,ffffffffffffffffffffffffff,-0.01,-0.01,-0.01,-0.01,-0.01,-0.01
2026-10-06 15:58:30.446,ffffffffffffffffffffffffff,-0.01,-0.01,-0.01,-0.01,-0.01,-0.01
2026-10-06 15:58:30.959,ffffffffffffffffffffffffff,-0.01,-0.01,-0.01,-0.01,-0.01,-0.01
2026-10-06 15:58:31.461,ffffffffffffffffffffffffff,-0.01,-0.01,-0.01,-0.01,-0.01,-0.01
2026-10-06 15:58:31.963,ffffffffffffffffffffffffff,-0.01,-0.01,-0.01,-0.01,-0.01,-0.01
2026-10-06 15:58:32.479,ffffffffffffffffffffffffff,-0.01,-0.01,-0.01,-0.01,-0.01,-0.01
2026-10-06 15:58:32.989,ffffffffffffffffffffffffff,-0.01,-0.01,-0.01,-0.01,-0.01,-0.01
2026-10-06 15:58:33.503,ffffffffffffffffffffffffff,-0.01,-0.01,-0.01,-0.01,-0.01,-0.01
2026-10-06 15:58:34.018,ffffffffffffffffffffffffff,-0.01,-0.01,-0.01,-0.01,-0.01,-0.01
2026-10-06 15:58:34.532,ffffffffffffffffffffffffff,-0.01,-0.01,-0.01,-0.01,-0.01,-0.01
2026-10-06 15:58:35.048,ffffffffffffffffffffffffff,-0.01,-0.01,-0.01,-0.01,-0.01,-0.01
2026-10-06 15:58:35.561,ffffffffffffffffffffffffff,-0.01,-0.01,-0.01,-0.01,-0.01,-0.01
2026-10-06 15:58:36.077,ffffffffffffffffffffffffff,-0.01,-0.01,-0.01,-0.01,-0.01,-0.01
2026-10-06 15:58:36.581,ffffffffffffffffffffffffff,-0.01,-0.01,-0.01,-0.01,-0.01,-0.01
2026-10-06 15:58:37.084,ffffffffffffffffffffffffff,-0.01,-0.01,-0.01,-0.01,-0.01,-0.01
2026-10-06 15:58:37.597,ffffffffffffffffffffffffff,-0.01,-0.01,-0.01,-0.01,-0.01,-0.01
2026-10-06 15:58:38.112,ffffffffffffffffffffffffff,-0.01,-0.01,-0.01,-0.01,-0.01,-0.01
2026-10-06 15:58:38.625,ffffffffffffffffffffffffff,-0.01,-0.01,-0.01,-0.01,-0.01,-0.01
2026-10-06 15:58:39.138,ffffffffffffffffffffffffff,-0.01,-0.01,-0.01,-0.01,-0.01,-0.01
2026-10-06 15:58:39.654,ffffffffffffffffffffffffff,-0.01,-0.01,-0.01,-0.01,-0.01,-0.01
2026-10-06 15:58:40.167,ffffffffffffffffffffffffff,-0.01,-0.01,-0.01,-0.01,-0.01,-0.01
2026-10-06 15:58:40.683,ffffffffffffffffffffffffff,-0.01,-0.01,-0.01,-0.01,-0.01,-0.01
2026-10-06 15:58:41.185,ffffffffffffffffffffffffff,-0.01,-0.01,-0.01,-0.01,-0.01,-0.01
2026-10-06 15:58:41.704,ffffffffffffffffffffffffff,-0.01,-0.01,-0.01,-0.01,-0.01,-0.01
2026-10-06 15:58:42.218,ffffffffffffffffffffffffff,-0.01,-0.01,-0.01,-0.01,-0.01,-0.01
2026-10-06 15:58:42.731,ffffffffffffffffffffffffff,-0.01,-0.01,-0.01,-0.01,-0.01,-0.01
2026-10-06 15:58:43.249,ffffffffffffffffffffffffff,-0.01,-0.01,-0.01,-0.01,-0.01,-0.01
2026-10-06 15:58:43.764,ffffffffffffffffffffffffff,-0.01,-0.01,-0.01,-0.01,-0.01,-0.01
2026-10-06 15:58:44.276,ffffffffffffffffffffffffff,-0.01,-0.01,-0.01,-0.01,-0.01,-0.01
2026-10-06 15:58:44.787,ffffffffffffffffffffffffff,-0.01,-0.01,-0.01,-0.01,-0.01,-0.01
2026-10-06 15:58:45.301,ffffffffffffffffffffffffff,-0.01,-0.01,-0.01,-0.01,-0.01,-0.01
2026-10-06 15:58:45.817,ffffffffffffffffffffffffff,-0.01,-0.01,-0.01,-0.01,-0.01,-0.01
2026-10-06 15:58:46.331,ffffffffffffffffffffffffff,-0.01,-0.01,-0.01,-0.01,-0.01,-0.01
2026-10-06 15:58:46.846,ffffffffffffffffffffffffff,-0.01,-0.01,-0.01,-0.01,-0.01,-0.01
2026-10-06 15:58:47.358,ffffffffffffffffffffffffff,-0.01,-0.01,-0.01,-0.01,-0.01,-0.01
2026-10-06 15:58:47.869,ffffffffffffffffffffffffff,-0.01,-0.01,-0.01,-0.01,-0.01,-0.01
2026-10-06 15:58:48.384,ffffffffffffffffffffffffff,-0.01,-0.01,-0.01,-0.01,-0.01,-0.01
2026-10-06 15:58:48.887,ffffffffffffffffffffffffff,-0.01,-0.01,-0.01,-0.01,-0.01,-0.01
2026-10-06 15:58:49.389,ffffffffffffffffffffffffff,-0.01,-0.01,-0.01,-0.01,-0.01,-0.01
2026-10-06 15:58:49.902,ffffffffffffffffffffffffff,-0.01,-0.01,-0.01,-0.01,-0.01,-0.01
2026-10-06 15:58:50.428,ffffffffffffffffffffffffff,-0.01,-0.01,-0.01,-0.01,-0.01,-0.01
2026-10-06 15:58:50.940,ffffffffffffffffffffffffff,-0.01,-0.01,-0.01,-0.01,-0.01,-0.01
2026-10-06 15:58:51.456,ffffffffffffffffffffffffff,-0.01,-0.01,-0.01,-0.01,-0.01,-0.01
2026-10-06 15:58:51.969,ffffffffffffffffffffffffff,-0.01,-0.01,-0.01,-0.01,-0.01,-0.01
2026-10-06 15:58:52.484,ffffffffffffffffffffffffff,-0.01,-0.01,-0.01,-0.01,-0.01,-0.01
2026-10-06 15:58:53.000,ff0d00000000000000000000e9,0.13,0.00,0.00,0.00,0.00,-58.88
2026-10-06 15:58:53.501,1400000000000080bf000080bf,0.00,0.00,0.00,-165.12,0.00,-165.12
2026-10-06 15:58:54.018,000080bf000080bf0000000000,-327.68,1.91,-327.68,1.91,0.00,0.00
2026-10-06 15:58:54.534,00000000006f6fcdcc4c3fcdcc,0.00,0.00,285.27,-131.07,162.04,-131.07
2026-10-06 15:58:55.046,4c3f1e0000001e0000001e0000,77.43,0.00,76.80,0.00,76.80,0.00
2026-10-06 15:58:55.548,00000000000200000001000000,0.00,0.00,0.02,0.00,0.01,0.00
2026-10-06 15:58:56.061,30204843494d302e4344462020,184.64,187.55,123.65,171.98,179.88,82.24
2026-10-06 15:58:56.573,20204431303157333052333056,174.40,123.37,223.21,123.39,131.38,220.64
2026-10-06 15:58:57.076,333046773e7854547475766263,179.68,159.91,216.24,297.80,303.25,254.42
2026-10-06 15:58:57.588,644c7854545054544678545454,307.96,215.88,215.84,180.04,216.24,215.88
2026-10-06 15:58:58.104,54467854544d5454773e785454,307.90,215.88,215.81,305.48,307.82,215.88
2026-10-06 15:58:58.619,7475766263644c785454505454,303.25,254.42,195.56,216.24,205.64,215.88
2026-10-06 15:58:59.120,467854544d5454467854545477,216.24,197.96,215.88,307.90,215.88,305.48
2026-10-06 15:58:59.631,3d78547475766263644c785454,216.24,300.68,252.06,256.99,307.96,215.88
2026-10-06 15:59:00.146,545046785454544d4678545477,180.00,216.24,215.88,179.97,216.24,305.48
2026-10-06 15:59:00.661,547c4d4c504d50772e20202020,198.36,205.56,205.57,118.95,82.24,82.24
2026-10-06 15:59:01.174,20202020202020202020202020,82.24,82.24,82.24,82.24,82.24,82.24
2026-10-06 15:59:01.688,202020202031370a0000000000,82.24,82.24,141.29,0.10,0.00,0.00
2026-10-06 15:59:02.201,00000000000000000000000000,0.00,0.00,0.00,0.00,0.00,0.00
2026-10-06 15:59:02.717,00000000000000000000000000,0.00,0.00,0.00,0.00,0.00,0.00
2026-10-06 15:59:03.220,00000000000000000000000000,0.00,0.00,0.00,0.00,0.00,0.00
2026-10-06 15:59:03.734,00000000000000000000000000,0.00,0.00,0.00,0.00,0.00,0.00
2026-10-06 15:59:04.248,00000000000000000000000000,0.00,0.00,0.00,0.00,0.00,0.00
2026-10-06 15:59:04.763,00000000000000000000000000,0.00,0.00,0.00,0.00,0.00,0.00
2026-10-06 15:59:05.276,00000000000000000000000000,0.00,0.00,0.00,0.00,0.00,0.00
2026-10-06 15:59:05.790,00000000000000000000000000,0.00,0.00,0.00,0.00,0.00,0.00
2026-10-06 15:59:06.303,00000000000000000000000000,0.00,0.00,0.00,0.00,0.00,0.00
2026-10-06 15:59:06.818,00000000000000000000000000,0.00,0.00,0.00,0.00,0.00,0.00
2026-10-06 15:59:07.334,00000000000000000000000000,0.00,0.00,0.00,0.00,0.00,0.00
2026-10-06 15:59:07.847,00000000000000000000000000,0.00,0.00,0.00,0.00,0.00,0.00
2026-10-06 15:59:08.361,00000000000000000000000000,0.00,0.00,0.00,0.00,0.00,0.00
2026-10-06 15:59:08.876,00000000000000000000000000,0.00,0.00,0.00,0.00,0.00,0.00
2026-10-06 15:59:09.391,00000000000000000000000000,0.00,0.00,0.00,0.00,0.00,0.00
2026-10-06 15:59:09.904,00000000000000000000000000,0.00,0.00,0.00,0.00,0.00,0.00
2026-10-06 15:59:10.419,00000000000000000000000000,0.00,0.00,0.00,0.00,0.00,0.00
2026-10-06 15:59:10.931,00000000000000000000000000,0.00,0.00,0.00,0.00,0.00,0.00
2026-10-06 15:59:11.444,00000000000000000000000000,0.00,0.00,0.00,0.00,0.00,0.00
2026-10-06 15:59:11.959,00000000000000000000000000,0.00,0.00,0.00,0.00,0.00,0.00
2026-10-06 15:59:12.472,00000000000000000000000000,0.00,0.00,0.00,0.00,0.00,0.00
2026-10-06 15:59:12.983,00000000000000000000000000,0.00,0.00,0.00,0.00,0.00,0.00
2026-10-06 15:59:13.484,00000000000000000000000000,0.00,0.00,0.00,0.00,0.00,0.00
2026-10-06 15:59:13.999,00000000000000000000000000,0.00,0.00,0.00,0.00,0.00,0.00
2026-10-06 15:59:14.513,8768c40000000000a765c40028,-152.56,0.00,0.00,-227.84,-152.59,102.40
2026-10-06 15:59:15.028,d9ef00f4fea56cffffffff34d9,2.39,-2.68,278.13,-0.01,-0.01,-99.32
2026-10-06 15:59:15.542,ef00f92f4a6c7f64c40070dfef,-17.92,189.91,326.20,-152.60,286.72,-41.29
2026-10-06 15:59:16.058,00000000000000000084eaef00,0.00,0.00,0.00,0.00,-55.00,2.39
2026-10-06 15:59:16.572,5764c400ccd5ef00f0deef00a9,-152.60,-133.12,-41.39,-40.96,-41.30,-222.72
2026-10-06 15:59:17.088,e5aa6cffffffffe2254a6c5027,278.18,-0.01,-0.01,96.98,277.22,100.64
2026-10-06 15:59:17.601,4a6c7f64c400f0deef00f4fea5,326.20,-152.60,-40.96,-41.30,-30.72,-230.42
2026-10-06 15:59:18.116,6cffffffff8b2c496cfa274a6c,-0.01,-0.01,114.03,277.21,102.34,277.22
2026-10-06 15:59:18.618,b763c400b0e9ef00ace9ef0000,-152.61,-204.80,-41.19,-215.04,-41.19,0.00
2026-10-06 15:59:19.132,000000b4e9ef00000000000000,0.00,-57.08,2.39,0.00,0.00,0.00
2026-10-06 15:59:19.635,00000d0a50756d70315f456e61,33.28,204.90,280.21,126.56,177.59,249.42
2026-10-06 15:59:20.151,626c65645f466f725f44657465,259.64,244.20,284.86,244.34,259.24,259.72
2026-10-06 15:59:20.663,6374696f6e203d20310d0a5075,269.96,282.71,156.48,125.76,25.73,300.32
2026-10-06 15:59:21.180,6d703260940912eb89a57298d9,129.12,-275.52,46.17,-302.29,293.49,-98.32
2026-10-06 15:59:21.682,ef00000000001c010000028aa5,0.00,0.00,71.68,0.01,5.12,-231.58
2026-10-06 15:59:22.199,72000000000000000000000000,0.00,0.00,0.00,0.00,0.00,0.00
2026-10-06 15:59:22.703,00000000000000000000000000,0.00,0.00,0.00,0.00,0.00,0.00
2026-10-06 15:59:23.216,00000000000000000000000000,0.00,0.00,0.00,0.00,0.00,0.00
2026-10-06 15:59:23.727,000008d5be1a1033496c74e9ef,20.48,-166.83,41.22,187.39,298.04,-41.19
2026-10-06 15:59:24.240,005cdaef0001000000c8992601,-96.36,2.39,0.01,0.00,-261.68,2.94
2026-10-06 15:59:24.752,00000000c89926010000000000,0.00,-143.36,98.81,0.01,0.00,0.00
2026-10-06 15:59:25.268,000000eacd6c77520000000400,0.00,-128.22,305.72,0.82,0.00,0.04
2026-10-06 15:59:25.782,0000010000000000000035ce6c,2.56,0.00,0.00,0.00,135.68,278.54
2026-10-06 15:59:26.295,77a8daef00c899260100000000,-95.60,2.39,-261.68,2.94,0.00,0.00
2026-10-06 15:59:26.808,c8992601000000000000000046,98.81,0.01,0.00,0.00,0.00,179.20
2026-10-06 15:59:27.320,83ee753302000042000000d017,301.90,5.63,0.00,0.66,0.00,60.96
2026-10-06 15:59:27.832,ee75d8930912000000005b83ee,-101.23,24.51,0.18,0.00,232.96,-44.77
2026-10-06 15:59:28.347,7500400000d893091200000000,163.84,0.00,-276.88,46.17,0.00,0.00
2026-10-06 15:59:28.864,5682a672000000007c612d0100,-229.10,1.14,0.00,317.44,116.17,0.01
2026-10-06 15:59:29.375,000000b4daef001c00000068df,0.00,-95.48,2.39,0.28,0.00,-83.44
2026-10-06 15:59:29.888,ef000000000070dfef005cdaef,0.00,0.00,286.72,-41.29,235.52,-41.34
2026-10-06 15:59:30.404,00000000000000000080b53b0d,0.00,0.00,0.00,0.00,-190.72,33.87
2026-10-06 15:59:30.918,84eaef0070dfef000000000000,-41.18,286.72,-41.29,0.00,0.00,0.00
2026-10-06 15:59:31.431,00000000000000b0e9ef00a8de,0.00,0.00,0.00,-57.12,2.39,-85.36
2026-10-06 15:59:31.944,b90b80b53b0da8deb90b000000,-327.57,152.85,-225.15,-179.54,0.11,0.00
2026-10-06 15:59:32.461,00000000000000000000000000,0.00,0.00,0.00,0.00,0.00,0.00
2026-10-06 15:59:32.975,c0231912e82619120000000000,64.35,-61.26,64.38,0.18,0.00,0.00
2026-10-06 15:59:33.488,00000000000000000000000000,0.00,0.00,0.00,0.00,0.00,0.00
2026-10-06 15:59:34.004,00000000000000000000000000,0.00,0.00,0.00,0.00,0.00,0.00
2026-10-06 15:59:34.520,00000000000000000000000000,0.00,0.00,0.00,0.00,0.00,0.00
2026-10-06 15:59:35.033,00000000000000000000000000,0.00,0.00,0.00,0.00,0.00,0.00
2026-10-06 15:59:35.546,00000000000000000000000000,0.00,0.00,0.00,0.00,0.00,0.00
2026-10-06 15:59:36.061,00000000000000000000000000,0.00,0.00,0.00,0.00,0.00,0.00
2026-10-06 15:59:36.575,00000000000000000000000000,0.00,0.00,0.00,0.00,0.00,0.00
2026-10-06 15:59:37.089,00000000000000000000000000,0.00,0.00,0.00,0.00,0.00,0.00
2026-10-06 15:59:37.604,00000000000000000000000000,0.00,0.00,0.00,0.00,0.00,0.00
2026-10-06 15:59:38.117,00000000000000000000000000,0.00,0.00,0.00,0.00,0.00,0.00
2026-10-06 15:59:38.631,00000000000000000000000000,0.00,0.00,0.00,0.00,0.00,0.00
2026-10-06 15:59:39.147,00000000000000000000000000,0.00,0.00,0.00,0.00,0.00,0.00
2026-10-06 15:59:39.663,00000000000000000000000000,0.00,0.00,0.00,0.00,0.00,0.00
2026-10-06 15:59:40.176,00000000000000000000000000,0.00,0.00,0.00,0.00,0.00,0.00
2026-10-06 15:59:40.691,00000000000000000000000000,0.00,0.00,0.00,0.00,0.00,0.00
2026-10-06 15:59:41.205,00000000000000000000000000,0.00,0.00,0.00,0.00,0.00,0.00
2026-10-06 15:59:41.721,00000000000000000000000300,0.00,0.00,0.00,0.00,0.00,0.03
2026-10-06 15:59:42.236,000052574b5330303135353730,209.92,192.87,123.71,125.92,136.21,123.43
2026-10-06 15:59:42.737,006250756d70734f6e496e6974,205.78,280.21,295.52,282.39,282.33,298.01
2026-10-06 15:59:43.251,203d2033350d0a426252617465,82.53,136.19,25.73,251.54,249.14,259.72
2026-10-06 15:59:43.764,4c696d6974496e6974203d2034,280.09,298.01,282.33,298.01,156.48,133.44
2026-10-06 15:59:44.280,300d0a42625065725261746543,25.73,251.54,259.36,211.06,297.93,172.53
2026-10-06 15:59:44.794,68616e6765496e6974203d2031,282.57,259.59,282.33,298.01,156.48,125.76
2026-10-06 15:59:45.309,3030300d0a4262506572526174,123.36,25.73,251.54,259.36,211.06,297.93
2026-10-06 15:59:45.824,654368616e67655265696e6974,266.91,282.57,259.59,259.38,282.65,298.01
2026-10-06 15:59:46.335,203d20313030300d0a4e6f7463,82.53,123.37,123.36,25.73,284.94,254.60
2026-10-06 15:59:46.850,6846696c74657242616e647769,269.50,298.04,292.85,248.98,257.10,269.99
2026-10-06 15:59:47.364,647468203d2032300d0a50756d,267.40,156.48,128.32,33.76,204.90,280.21
2026-10-06 15:59:47.876,705f4e756d6265725f466f725f,200.63,280.21,259.54,244.34,284.86,244.34
2026-10-06 15:59:48.391,4469676974616c5f4f75747075,264.73,298.01,277.45,203.19,298.13,300.64
2026-10-06 15:59:48.904,745f31203d20310d0a50756d70,126.39,156.48,125.76,25.73,300.32,287.81
2026-10-06 15:59:49.418,5f4e756d6265725f466f725f44,300.30,251.97,292.85,180.15,292.95,175.03
2026-10-06 15:59:49.933,69676974616c5f4f7574707574,269.83,249.48,244.28,300.31,287.88,298.13
2026-10-06 15:59:50.453,5f3201000000609409128db6a6,3.06,0.00,245.76,24.52,-294.22,-228.58
2026-10-06 15:59:50.963,7260940912725f466f725f4469,-275.52,46.17,244.34,284.86,244.34,269.48
2026-10-06 15:59:51.475,67697461520057004b00530030,298.01,210.89,222.72,192.00,212.48,122.88
2026-10-06 15:59:51.988,00300031003500350037003000,0.48,0.49,0.53,0.53,0.55,0.48
2026-10-06 15:59:52.491,00005f446174615f466f725f43,243.20,249.00,249.48,180.15,292.95,172.47
2026-10-06 15:59:53.002,68616e6e656c5f31203d20300d,282.57,259.66,244.28,82.41,82.53,33.76
2026-10-06 15:59:53.516,0a46696c74657265645f446174,269.50,298.04,292.85,257.01,175.03,297.93
2026-10-06 15:59:54.028,615f466f725f4368616e6e656c,180.15,292.95,172.47,249.36,282.70,277.49
2026-10-06 15:59:54.544,5f32203d20300d0a44656c7461,82.42,82.53,33.76,174.18,277.49,249.48
2026-10-06 15:59:55.056,5f4f75747075745f466f725f43,300.31,287.88,298.13,180.15,292.95,172.47
2026-10-06 15:59:55.570,68616e6e656c5f31203d20310d,282.57,259.66,244.28,82.41,82.53,33.77
2026-10-06 15:59:56.084,0a44656c74615f4f7574707574,259.24,298.04,244.17,300.31,287.88,298.13
2026-10-06 15:59:56.598,5f466f725f4368616e6e656c5f,284.86,244.34,266.91,282.57,259.66,244.28
2026-10-06 15:59:57.112,32203d20310d0a4368616e6e65,156.48,125.76,25.73,266.91,282.57,259.66
2026-10-06 15:59:57.629,6c5f4e756d6265725f466f725f,200.63,280.21,259.54,244.34,284.86,244.34
2026-10-06 15:59:58.144,416e616c6f675f4f7574707574,249.42,285.24,244.23,300.31,287.88,298.13
2026-10-06 15:59:58.657,5f31203d20310d0a4368616e6e,82.41,82.53,33.77,171.62,249.36,282.70
2026-10-06 15:59:59.174,656c5f4e756d6265725f466f72,244.28,300.30,251.97,292.85,180.15,292.95
2026-10-06 15:59:59.686,5f416e616c6f675f4f75747075,282.25,277.45,264.79,203.19,298.13,300.64
2026-10-06 16:00:00.189,745f32203d20320d0a50756d70,128.95,156.48,128.32,25.73,300.32,287.81
2026-10-06 16:00:00.704,315f456e61626c65645f466f72,177.59,249.42,277.46,257.01,180.15,292.95
2026-10-06 16:00:01.216,5f1f000000bce2ef00ecdeef00,0.31,0.00,-74.92,2.39,-84.68,2.39
2026-10-06 16:00:01.732,00000000a4ddef0033284a6ccc,0.00,-235.52,-41.31,130.56,189.84,-132.04
2026-10-06 16:00:02.245,e2ef0020000000b4ae6a04e760,2.39,0.32,0.00,-208.12,11.30,248.07
2026-10-06 16:00:02.761,c400f0ddef0084deef00ace7ef,-40.96,-41.31,-317.44,-41.30,-215.04,-41.21
2026-10-06 16:00:03.272,000200000021bf4c6cd6e7ef00,0.02,0.00,-166.07,277.24,-61.86,2.39
2026-10-06 16:00:03.787,cae7ef0002000000ace7ef005c,-41.21,5.12,0.00,-215.04,-41.21,235.52
2026-10-06 16:00:04.299,e0ef0034e0ef000e0000005ce0,2.39,-81.40,2.39,0.14,0.00,-81.00
2026-10-06 16:00:04.807,ef00ace7ef00b0794c6ccae7ef,-215.04,-41.21,-204.80,195.77,-137.16,-41.21
2026-10-06 16:00:05.322,00462c496cc9794c6c535dc400,113.34,277.21,311.77,277.24,238.91,1.96
2026-10-06 16:00:05.829,d4e5ef00ace7ef00550000000c,-41.23,-215.04,-41.21,217.60,0.00,30.72
2026-10-06 16:00:06.343,00000002000000000200000000,0.00,0.02,0.00,5.12,0.00,0.00
2026-10-06 16:00:06.858,000008deef0000000000000200,20.48,-41.30,0.00,0.00,0.00,0.02
2026-10-06 16:00:07.373,000000000018deef000000ef00,0.00,0.00,-86.80,2.39,0.00,2.39
2026-10-06 16:00:07.888,030000006ce4ef0054deef0070,0.00,276.48,-41.24,215.04,-41.30,286.72
2026-10-06 16:00:08.398,ffa56cffffffff094c496cb4e0,278.13,-0.01,-0.01,194.65,277.21,-80.12
2026-10-06 16:00:08.915,ef00b4e0ef0058deef003dd04d,-194.56,-41.28,225.28,-41.30,156.16,199.20
2026-10-06 16:00:09.428,6c060000000400000001000000,0.06,0.00,0.04,0.00,0.01,0.00
2026-10-06 16:00:09.945,b4e0ef00d4e5ef0094e0ef0046,-41.28,-112.64,-41.23,-276.48,-41.28,179.20
2026-10-06 16:00:10.461,2c496ccbe7496cdf5dc400d4e5,277.21,-61.97,277.21,240.31,1.96,-67.00
2026-10-06 16:00:10.976,ef00f6a46e6b54e1ef0090deef,-25.60,283.24,216.11,-41.27,-286.72,-41.30
2026-10-06 16:00:11.479,004f0b4a6cdb63c400bce2ef00,28.95,277.22,255.63,1.96,-74.92,2.39
2026-10-06 16:00:11.991,b4deef00f000a66cffffffffc4,-41.30,-40.96,-230.40,-1.48,-0.01,-151.05
2026-10-06 16:00:12.506,deef00ad0a4a6c8f63c4000000,2.39,27.33,277.22,254.87,1.96,0.00
2026-10-06 16:00:13.022,0000bce2ef0000000000ecdeef,-174.08,-41.26,0.00,0.00,-51.20,-41.30
2026-10-06 16:00:13.535,0198deef00ecdeef00ecdeef00,-85.52,2.39,-84.68,2.39,-84.68,2.39
2026-10-06 16:00:14.050,c0cc5e6ccbb7616cfefffffff8,242.68,-134.60,250.15,-4.04,-0.01,-17.93
2026-10-06 16:00:14.565,deef00c02a4a6cbce2ef009000,2.39,109.44,277.22,-74.92,2.39,1.44
2026-10-06 16:00:15.079,0000ffffffff200b4a6cb363c4,-2.56,-0.01,84.47,189.55,-196.04,-152.61
2026-10-06 16:00:15.595,0070dfef00b363c4007cdfef00,-83.36,2.39,255.23,1.96,-83.24,2.39
2026-10-06 16:00:16.110,20dfef00c0ffa56cffffffff2c,-41.29,-163.84,-230.41,-1.48,-0.01,115.19
2026-10-06 16:00:16.624,dfef007d2b4a6c6762c400b0e9,2.39,111.33,277.22,251.91,1.96,-57.12
2026-10-06 16:00:17.137,ef00ace9ef00000000008ce1ef,-215.04,-41.19,0.00,0.00,-296.96,-41.27
2026-10-06 16:00:17.652,00dce1ef002ce2ef007cdfef00,-77.16,2.39,-76.36,2.39,-83.24,2.39
2026-10-06 16:00:18.154,28e9ef0027deaa6cffffffff46,-41.19,99.84,-217.94,-1.48,-0.01,181.75
2026-10-06 16:00:18.672,2c496c1e2d4a6c7f54c400b4ae,277.21,115.50,277.22,216.31,1.96,-208.12
2026-10-06 16:00:19.174,6a04c899260100000000530000,-143.32,98.81,0.01,0.00,212.48,0.00
2026-10-06 16:00:19.686,00000000000000000000000000,0.00,0.00,0.00,0.00,0.00,0.00
2026-10-06 16:00:20.200,84eaef00000000000000000000,-41.18,0.00,0.00,0.00,0.00,0.00
2026-10-06 16:00:20.712,000000b4ae6a0480b53b0dffff,0.00,-208.12,11.30,-190.72,33.87,-0.01
2026-10-06 16:00:21.227,ffff902b4a6c00000000000000,-284.17,189.87,1.08,0.00,0.00,0.00
2026-10-06 16:00:21.748,00000000000002000000000000,0.00,0.00,5.12,0.00,0.00,0.00
2026-10-06 16:00:22.263,8cdfef000000000094dfef0098,-41.29,0.00,0.00,-276.48,-41.29,-266.24
2026-10-06 16:00:22.781,dfef00000000000ac078dc78d6,2.39,0.00,0.00,-163.74,-90.96,-106.32
2026-10-06 16:00:23.296,ef000b00000001000000010000,28.16,0.00,2.56,0.00,2.56,0.00
2026-10-06 16:00:23.808,00403019120100000035c0a572,123.52,46.33,0.01,0.00,-163.31,293.49
2026-10-06 16:00:24.322,5ba6a872180000007efb1241d0,-223.62,62.58,0.00,322.56,48.59,-122.23
2026-10-06 16:00:24.824,d5ef000c23a572010000000100,2.39,89.72,293.49,0.01,0.00,0.01
2026-10-06 16:00:25.328,00008c716d77e38b6c778c0100,-296.96,280.17,-73.05,277.87,-295.77,0.01
2026-10-06 16:00:25.852,00000300002000000013000700,7.68,0.00,0.32,0.00,0.19,0.07
2026-10-06 16:00:26.367,68841a1238871a1211d66a7738,67.88,143.54,67.91,43.70,273.50,144.55
2026-10-06 16:00:26.882,871a120000000020000000535d,46.34,0.00,0.00,0.32,0.00,238.91
2026-10-06 16:00:27.393,c4006ce0ef0004a5a86cffffff,276.48,-41.28,10.24,-223.63,-1.48,-0.01
2026-10-06 16:00:27.907,ffc9794c6c137a4c6c34e0ef00,311.77,277.24,312.51,277.24,-81.40,2.39
2026-10-06 16:00:28.418,000000005ce0ef00ace7ef006c,0.00,235.52,-41.28,-215.04,-41.21,276.48
2026-10-06 16:00:28.934,e0ef00cae7ef00010000004367,2.39,-61.98,2.39,0.01,0.00,264.35
2026-10-06 16:00:29.442,4c6c78e0ef00457a4c6c587a4c,308.28,-41.28,176.64,195.78,226.36,195.78
2026-10-06 16:00:29.956,6c335dc400d4e5ef00c4e0ef00,238.59,1.96,-67.00,2.39,-79.96,2.39
2026-10-06 16:00:30.467,550000000e0000000e00000004,0.00,35.84,0.00,35.84,0.00,10.24
2026-10-06 16:00:30.980,010000c4e0ef00d8e1ef00b036,0.00,-79.96,2.39,-77.20,2.39,140.00
2026-10-06 16:00:31.491,a66cffffffff587a4c6c27924c,-1.48,-0.01,227.83,195.78,100.92,196.02
2026-10-06 16:00:32.001,6cc4e0ef00d4e5ef00c4e0ef00,-79.96,2.39,-67.00,2.39,-79.96,2.39
2026-10-06 16:00:32.513,54e1ef00e4e1ef00462c496c3a,-41.27,-71.68,-41.27,179.20,187.32,149.56
2026-10-06 16:00:33.025,934c6caf5cc40038e44f060000,277.24,237.27,1.96,-71.12,16.15,0.00
2026-10-06 16:00:33.532,0000d4e5ef006de66f6bf6a46e,-112.64,-41.23,279.04,286.46,-24.53,283.24
2026-10-06 16:00:34.046,6b0e0000008000000004000000,0.14,0.00,1.28,0.00,0.04,0.00
2026-10-06 16:00:34.555,c4e0ef00550049006e00740031,-41.28,217.60,186.88,281.60,296.96,125.44
2026-10-06 16:00:35.067,00360000000000060000008c71,0.54,0.00,0.00,0.06,0.00,290.68
2026-10-06 16:00:35.579,6d77e38b6c778c010000000300,-73.05,277.87,-295.77,0.01,0.00,0.03
2026-10-06 16:00:36.094,007800000020e1ef0000000000,1.20,0.00,-79.04,2.39,0.00,0.00
2026-10-06 16:00:36.607,278c6c7731b9e6762ce3ef0000,277.88,126.63,-64.71,113.82,-41.25,0.00
2026-10-06 16:00:37.123,000000560000005ce2ef000000,0.00,0.86,0.00,-75.88,2.39,0.00
2026-10-06 16:00:37.635,00000000000000b82401f895e3,0.00,0.00,0.00,94.00,-20.47,-72.75
2026-10-06 16:00:38.150,760000000046332f7300000000,0.00,0.00,131.26,294.87,0.00,0.00
2026-10-06 16:00:38.662,020000006a332f730c00000060,0.00,271.36,120.83,31.87,0.00,245.76
2026-10-06 16:00:39.175,e1ef0033aee6762ce3ef008ce7,2.39,-209.41,304.38,-73.80,2.39,-62.60
2026-10-06 16:00:39.688,ef000e00000080000000040000,35.84,0.00,-327.68,0.00,10.24,0.00
2026-10-06 16:00:40.200,0054e1ef005300790073007400,-78.52,2.39,0.83,1.21,1.15,1.16
2026-10-06 16:00:40.714,65006d0000002434b496071208,279.04,0.00,92.16,-194.04,19.42,20.66
2026-10-06 16:00:41.226,45566c8ce1ef004255556c8e17,277.34,-77.96,2.39,218.26,277.33,60.30
2026-10-06 16:00:41.741,000084e1ef001055556cb49607,-317.44,-41.27,40.96,218.45,-193.48,19.42
2026-10-06 16:00:42.253,12ce04756b8ed400009c6c6d77,12.30,275.09,-111.22,0.00,278.04,305.73
2026-10-06 16:00:42.766,e8c0e27508100000b0e1ef00f0,-74.88,21.65,0.16,-204.80,-41.27,-40.96
2026-10-06 16:00:43.278,e5ef0010020000090000000000,2.39,5.28,0.00,0.09,0.00,0.00
2026-10-06 16:00:43.790,0000b6c1e27500000000060000,-189.44,-74.87,1.17,0.00,15.36,0.00
2026-10-06 16:00:44.305,00f1084a6ce0e1ef0000000000,22.89,277.22,-77.12,2.39,0.00,0.00
2026-10-06 16:00:44.817,0400000038e44f0610e7556ce8,0.00,143.36,204.52,41.02,219.91,-60.36
2026-10-06 16:00:45.328,e1ef00af5cc400a75cc40008e2,2.39,237.27,1.96,237.19,1.96,-76.72
2026-10-06 16:00:45.842,ef001ce3ef00c0ffa56cffffff,71.68,-41.25,-163.84,-230.41,-1.48,-0.01
2026-10-06 16:00:46.354,ff462c496cff934c6c635ec400,113.34,277.21,-276.49,277.24,241.63,1.96
2026-10-06 16:00:46.867,d4e5ef0038e44f060300000009,-41.23,143.36,204.52,7.74,0.00,23.04
2026-10-06 16:00:47.384,21100004000000000100000000,0.16,0.04,0.00,2.56,0.00,0.00
2026-10-06 16:00:47.898,000018e2ef0050010002a6f7e8,61.44,-41.26,204.80,0.01,-230.38,-58.97
2026-10-06 16:00:48.413,76f500000056000000f895e376,2.45,0.00,0.86,0.00,-271.44,304.35
2026-10-06 16:00:48.927,0200000080000000000000003c,0.00,-327.68,0.00,0.00,0.00,153.60
2026-10-06 16:00:49.439,e2ef000000000044e2ef000000,2.39,0.00,0.00,-76.12,2.39,0.00
2026-10-06 16:00:49.943,ef000000ef004ff9e87620e72c,0.00,-43.52,202.24,-58.95,83.10,114.95
2026-10-06 16:00:50.456,010200000059f9e87600000000,0.02,0.00,-17.03,304.40,0.00,0.00
2026-10-06 16:00:50.969,d8e4ef009066e57640e4ef0088,-41.24,-286.72,-68.10,165.02,-41.24,-307.20
2026-10-06 16:00:51.485,e2ef0000000000040000000000,2.39,0.00,0.00,0.04,0.00,0.00
2026-10-06 16:00:51.996,000010e7ef006f6ce376020000,40.96,-41.21,284.16,-73.16,6.30,0.00
2026-10-06 16:00:52.506,00e4e6ef00326ae376dfacf8ac,-64.28,2.39,271.86,304.35,-212.81,-212.56
2026-10-06 16:00:53.020,0000000000000000506ae37688,0.00,0.00,0.00,204.80,-73.18,-306.02
2026-10-06 16:00:53.534,e22c0110000000480bc70b4400,3.00,0.16,0.00,28.88,30.15,0.68
2026-10-06 16:00:54.045,00000e000000b47f300198112f,35.84,0.00,-194.56,124.15,-266.23,120.49
2026-10-06 16:00:54.558,73400000008000000004000000,0.64,0.00,1.28,0.00,0.04,0.00
2026-10-06 16:00:55.072,cce2ef00530070006500720072,-41.26,212.48,286.72,258.56,291.84,291.84
2026-10-06 16:00:55.585,0079002e00460045002e005400,1.21,0.46,0.70,0.69,0.46,0.84
2026-10-06 16:00:56.101,6f006f006c0043006f006e0076,284.16,276.48,171.52,284.16,281.60,302.08
2026-10-06 16:00:56.611,0065007200730069006f006e00,1.01,1.14,1.15,1.05,1.11,1.10
2026-10-06 16:00:57.124,2e0054006f006f006c00490044,215.04,284.16,284.16,276.48,186.88,174.08
2026-10-06 16:00:57.637,0000006c004900440000004400,0.00,1.08,0.73,0.68,0.00,0.68
2026-10-06 16:00:58.144,0000635ec40098e5ef003276ac,253.44,-152.66,-266.24,-41.23,128.00,-213.86
2026-10-06 16:00:58.658,6cffffffffff934c6cb9944c6c,-0.01,-0.01,-276.49,277.24,-274.63,277.24
2026-10-06 16:00:59.173,462c496cd0944c6cef58c400ac,187.32,-121.80,196.04,-42.44,-152.72,-215.04
2026-10-06 16:00:59.681,e7ef00c8992601030000000300,2.39,-261.68,2.94,0.03,0.00,0.03
2026-10-06 16:01:00.182,000002000000d4e5ef00000000,5.12,0.00,-112.64,-41.23,0.00,0.00
2026-10-06 16:01:00.697,005ce3ef000000000064e3ef00,-73.32,2.39,0.00,0.00,-73.24,2.39
2026-10-06 16:01:01.210,0000ef00000000000000000006,-43.52,0.00,0.00,0.00,0.00,15.36
2026-10-06 16:01:01.723,00000090123073e020307334e7,0.00,47.52,294.88,84.16,294.88,-63.48
2026-10-06 16:01:02.234,ef00000000000000000010e62c,0.00,0.00,0.00,0.00,40.96,114.94
2026-10-06 16:01:02.744,0110102f730000000000000000,41.12,294.87,0.00,0.00,0.00,0.00
2026-10-06 16:01:03.254,00000000801100000200000000,0.00,-327.68,0.17,5.12,0.00,0.00
2026-10-06 16:01:03.765,00000000000000000000000000,0.00,0.00,0.00,0.00,0.00,0.00
2026-10-06 16:01:04.277,00000000000000000000000000,0.00,0.00,0.00,0.00,0.00,0.00
2026-10-06 16:01:04.791,00000000000000000000000000,0.00,0.00,0.00,0.00,0.00,0.00
2026-10-06 16:01:05.302,14d7ef0000000000e8e4ef0034,-41.37,0.00,0.00,-61.44,-41.24,133.12
2026-10-06 16:01:05.815,e7ef0002000000800000000000,2.39,0.02,0.00,1.28,0.00,0.00
2026-10-06 16:01:06.327,0000ece3ef0000000000f4e3ef,-51.20,-41.25,0.00,0.00,-30.72,-41.25
2026-10-06 16:01:06.839,000000ef00ffffffff00000000,0.00,2.39,-0.01,-0.01,0.00,0.00
2026-10-06 16:01:07.351,4c756a77000000000000000001,272.53,1.19,0.00,0.00,0.00,2.56
2026-10-06 16:01:07.864,e4ef00ace4ef0084746a778a32,2.39,-69.96,2.39,298.28,305.70,129.38
2026-10-06 16:01:08.378,2f73000000003ce7ef0010e62c,1.15,0.00,153.60,-41.21,40.96,114.94
2026-10-06 16:01:08.889,01c8dd2801a0e2ef0000000000,-87.60,2.96,-75.20,2.39,0.00,0.00
2026-10-06 16:01:09.398,0000000040e4ef00ec312f7304,0.00,163.84,-41.24,-51.20,120.81,11.39
2026-10-06 16:01:09.909,5d888a48000000de312f73ce31,-300.72,0.72,0.00,127.66,294.87,127.50
2026-10-06 16:01:10.420,2f7370e5ef0068e5ef000a0000,287.87,-41.23,266.24,-41.23,25.60,0.00
2026-10-06 16:01:10.931,005c716d778f42da7534c4882f,290.20,305.73,170.39,301.70,-153.08,121.68
2026-10-06 16:01:11.442,58e9ef00ece5ef00d742da7599,-41.19,-51.20,-41.23,-104.96,-96.62,-262.51
2026-10-06 16:01:11.956,41da750798e05858e9ef0078e6,301.70,-266.17,227.52,-58.00,2.39,-65.36
2026-10-06 16:01:12.469,ef00c8e6ef0024000000010000,-143.36,-41.22,92.16,0.00,2.56,0.00
2026-10-06 16:01:12.979,00000000000000000070000000,0.00,0.00,0.00,0.00,1.12,0.00
2026-10-06 16:01:13.491,ffffffffc0e5ef00b8e5ef0020,-0.01,-161.29,-41.23,-184.32,-41.23,81.92
2026-10-06 16:01:14.003,00000025001b00688fbe0b7c8f,0.00,0.37,0.27,-288.24,30.06,-288.04
2026-10-06 16:01:14.517,be0b40e5ef00b3ca6a770d0000,163.95,-41.23,-197.12,273.38,34.47,0.00
2026-10-06 16:01:15.027,0020000000c0e5ef0000002201,0.32,0.00,-67.20,2.39,0.00,2.90
2026-10-06 16:01:15.543,06000000deb66a77b8924f067c,0.00,-87.04,273.18,-183.13,203.70,317.50
2026-10-06 16:01:16.053,e9ef0004010000060000001800,2.39,2.60,0.00,0.06,0.00,0.24
2026-10-06 16:01:16.565,0000e807040100000401000000,-61.44,10.31,0.01,10.24,0.01,0.00
2026-10-06 16:01:17.076,00000000000401000008e1c40b,0.00,0.00,2.60,0.00,-79.28,30.12
2026-10-06 16:01:17.592,00000000ffffffff000000004c,0.00,-2.56,-0.01,2.55,0.00,194.56
2026-10-06 16:01:18.102,756a7718000000c40104010100,305.70,0.24,0.00,4.52,2.60,0.01
2026-10-06 16:01:18.618,0000bce5ef0084746a77100000,-174.08,-41.23,-317.44,272.52,42.15,0.00
2026-10-06 16:01:19.132,0000000000000022013c1d0401,0.00,0.00,0.00,2.90,74.84,2.60
2026-10-06 16:01:19.646,9ce5ef00381d04015ce5ef005e,-41.23,143.36,10.53,235.53,-41.23,240.64
2026-10-06 16:01:20.158,c66a7700000000000000000000,305.70,0.00,0.00,0.00,0.00,0.00
2026-10-06 16:01:20.671,00003ce8ef00c0e5ef00d4e7ef,153.60,-41.20,-163.84,-41.23,-112.64,-41.21
2026-10-06 16:01:21.179,00b8be6a77e88fbe0bc0e5ef00,-167.12,305.70,-286.96,30.06,-67.20,2.39
2026-10-06 16:01:21.691,5c716d778f42da7524c5882f64,280.17,-288.09,-96.62,93.33,-305.23,256.47
2026-10-06 16:01:22.203,eaef00fce6ef00d742da759941,2.39,-64.04,2.39,171.11,301.70,167.93
2026-10-06 16:01:22.713,da75179be05864eaef0088e7ef,60.05,-80.37,256.88,-41.18,-307.20,-41.21
2026-10-06 16:01:23.227,00d8e7ef002400000001000000,-61.84,2.39,0.36,0.00,0.01,0.00
2026-10-06 16:01:23.737,000000000000000070000000ff,0.00,0.00,0.00,286.72,0.00,-2.56
2026-10-06 16:01:24.251,ffffffffffffff4e41da75d742,-0.01,-0.01,-0.01,167.18,301.70,171.11
2026-10-06 16:01:24.764,da750000000001000000000000,1.17,0.00,2.56,0.00,0.00,0.00
2026-10-06 16:01:25.276,0000000000c4e5ef0000000000,0.00,0.00,-67.16,2.39,0.00,0.00
2026-10-06 16:01:25.788,64eaef0000b0dc00f0e6ef0020,-41.18,0.00,-90.40,-40.96,-41.22,81.92
2026-10-06 16:01:26.298,00000007000400d0b91912e4b9,0.00,0.07,0.04,-179.68,46.33,-179.48
2026-10-06 16:01:26.812,191278e6ef00b3ca6a77010000,307.38,-41.22,-197.12,273.38,3.75,0.00
2026-10-06 16:01:27.328,0020000000f8e6ef0000002201,0.32,0.00,-64.08,2.39,0.00,2.90
2026-10-06 16:01:27.841,52000000deb66a770000000000,0.00,-87.04,273.18,1.19,0.00,0.00
2026-10-06 16:01:28.357,00000004010000520000006800,0.00,2.60,0.00,0.82,0.00,1.04
2026-10-06 16:01:28.871,0000e807040100000401000000,-61.44,10.31,0.01,10.24,0.01,0.00
2026-10-06 16:01:29.386,000000000004010000a8e1c40b,0.00,0.00,2.60,0.00,-77.68,30.12
2026-10-06 16:01:29.898,00000000000000000300000002,0.00,0.00,0.00,7.68,0.00,5.12
2026-10-06 16:01:30.399,00000068000000ec0104010100,0.00,1.04,0.00,4.92,2.60,0.01
2026-10-06 16:01:30.915,00000d000000000004015c0000,33.28,0.00,0.00,10.24,235.53,0.00
2026-10-06 16:01:31.427,0000000000000022019c830401,0.00,0.00,0.00,2.90,-318.44,2.60
2026-10-06 16:01:31.941,000000009883040194e6ef005e,0.00,-266.24,11.55,-276.47,-41.22,240.64
2026-10-06 16:01:32.451,c66a7700000000000000000000,305.70,0.00,0.00,0.00,0.00,0.00
2026-10-06 16:01:32.954,000080e9ef00f8e6ef000ce9ef,-327.68,-41.19,-20.48,-41.22,30.72,-41.19
2026-10-06 16:01:33.469,00b8be6a7700ba1912f8e6ef00,-167.12,305.70,-179.20,46.33,-64.08,2.39
2026-10-06 16:01:33.981,5200000008eaef000000000079,0.00,20.48,-41.18,0.00,0.00,309.76
2026-10-06 16:01:34.492,bf6a7700000000000000000800,305.70,0.00,0.00,0.00,0.00,0.08
2026-10-06 16:01:35.008,0000f8e6ef0000ba1912520008,-20.48,-41.22,0.00,65.86,210.10,20.48
2026-10-06 16:01:35.524,02801066770200000000000000,42.24,305.66,0.02,0.00,0.00,0.00
2026-10-06 16:01:36.038,52000802f8e6ef00179be05888,20.48,-20.46,-41.22,58.88,-80.37,-306.32
2026-10-06 16:01:36.552,e5ef0080e9ef008ce8ef006016,2.39,-57.60,2.39,-60.04,2.39,57.28
2026-10-06 16:01:37.064,db75d381e82dfeffffff64e7ef,-114.03,-60.15,-4.67,-0.01,258.55,-41.21
2026-10-06 16:01:37.581,00e9e7fe760100000064eaef00,-61.67,304.62,0.01,0.00,-55.32,2.39
2026-10-06 16:01:38.094,0000a00f64e7ef00ffe8fe7664,-245.76,256.15,-41.21,-2.56,-2.80,257.18
2026-10-06 16:01:38.609,eaef001501018080e8ef006100,2.39,2.77,-327.67,-60.16,2.39,0.97
2026-10-06 16:01:39.121,7600650061007200630068005c,258.56,248.32,291.84,253.44,266.24,235.52
2026-10-06 16:01:39.632,00440065006600610075006c00,0.68,1.01,1.02,0.97,1.17,1.08
2026-10-06 16:01:40.149,74002e000000a00f00000000a3,117.76,0.00,-245.76,0.15,0.00,-238.08
2026-10-06 16:01:40.665,e6fe7664eaef0000000000eb6e,304.62,-55.32,2.39,0.00,0.00,283.95
2026-10-06 16:01:41.181,362c0000a00f20e8ef001ae5fe,0.44,-245.76,82.07,-41.20,66.56,-2.83
2026-10-06 16:01:41.694,7664eaef000000000080e8ef00,-55.32,2.39,0.00,0.00,-60.16,2.39
2026-10-06 16:01:42.206,fdbffe7680e8ef0070bffe7610,-3.21,-326.50,-41.20,286.72,-3.21,42.14
2026-10-06 16:01:42.721,c0fe76480c2201544bf076ffff,304.62,31.44,2.90,192.84,304.48,-0.01
2026-10-06 16:01:43.234,ffff0000000000000000000000,2.55,0.00,0.00,0.00,0.00,0.00
2026-10-06 16:01:43.746,00000000000000000016000000,0.00,0.00,0.00,0.00,0.22,0.00
2026-10-06 16:01:44.258,ea6e362c01000000ffffffffd0,139.34,3.00,0.00,-2.56,-0.01,-120.33
2026-10-06 16:01:44.760,466a770000000000000000ff5d,305.70,0.00,0.00,0.00,0.00,240.63
2026-10-06 16:01:45.273,0000228d844864229845a5803d,87.04,-316.03,256.72,-265.90,-232.27,157.44
2026-10-06 16:01:45.786,c4be53dc520000000002000000,214.38,212.12,0.00,0.00,0.02,0.00
2026-10-06 16:01:46.300,16000000eb6e362c0000000000,0.00,-53.76,139.34,0.44,0.00,0.00
2026-10-06 16:01:46.815,000000000000000000000060eb,0.00,0.00,0.00,0.00,0.00,-52.80
2026-10-06 16:01:47.327,28010000000001000000000000,0.01,0.00,2.56,0.00,0.00,0.00
2026-10-06 16:01:47.845,00000000000000000000000000,0.00,0.00,0.00,0.00,0.00,0.00
2026-10-06 16:01:48.358,0000000000000000a0eaef0099,0.00,0.00,0.00,-245.76,-41.18,-263.68
2026-10-06 16:01:48.870,66499548e8ef0047bcfe760200,-273.19,-60.72,2.39,-173.37,304.62,0.02
2026-10-06 16:01:49.384,0000ffffffff0100000064eaef,-2.56,-0.01,5.11,0.00,256.00,-41.18
2026-10-06 16:01:49.899,0080e8ef0059086c7702000000,-60.16,2.39,21.37,305.72,0.02,0.00
2026-10-06 16:01:50.401,64eaef009ce8ef0036cc566c02,-41.18,-256.00,-41.20,138.24,222.20,6.20
2026-10-06 16:01:50.913,00000070c8882f9ce8ef007dcc,0.00,-142.24,121.68,-59.88,2.39,-131.87
2026-10-06 16:01:51.428,566ccb000000d755c400010000,-134.60,0.00,-104.96,-152.75,2.56,0.00
2026-10-06 16:01:51.944,00010000000100000002000000,0.01,0.00,0.01,0.00,0.02,0.00
2026-10-06 16:01:52.445,cb000000000000000000000064,0.00,0.00,0.00,0.00,0.00,256.00
2026-10-06 16:01:52.959,e8ef0014e9ef0014e9ef00ee10,2.39,-58.68,2.39,-58.68,2.39,43.34
2026-10-06 16:01:53.475,4b6ce355c4000000000014e9ef,-73.16,-152.75,0.00,0.00,51.20,-41.19
2026-10-06 16:01:53.989,001305a66cffffffff20e9ef00,12.99,278.14,-0.01,-0.01,-58.56,2.39
2026-10-06 16:01:54.504,4d48596c6b54c400c899260100,228.56,275.00,-152.76,-143.36,98.81,0.01
2026-10-06 16:01:55.018,000000010000000000000008d5,0.00,0.01,0.00,0.00,0.00,-110.00
2026-10-06 16:01:55.531,be1a1033496cc0e9ef0008e9ef,41.22,187.39,-162.76,-41.19,20.48,-41.19
2026-10-06 16:01:56.035,0001000000c899260100000000,0.01,0.00,-261.68,2.94,0.00,0.00
2026-10-06 16:01:56.546,0100000000000004c899260101,0.00,0.00,0.00,-143.32,98.81,2.57
2026-10-06 16:01:57.048,00000001000000000000060000,0.00,0.01,0.00,0.00,15.36,0.00
2026-10-06 16:01:57.564,0000c899260100000000a8e9ef,-143.36,98.81,0.01,0.00,-225.28,-41.19
2026-10-06 16:01:58.078,000000000001000000c8992601,0.00,0.00,0.01,0.00,-261.68,2.94
2026-10-06 16:01:58.589,7ce9ef00f8e5a66cffffffff4d,-41.19,-20.48,-228.11,-1.48,-0.01,199.67
2026-10-06 16:01:59.091,48596cb448596c0100000064ea,277.37,186.12,277.37,0.01,0.00,-55.32
2026-10-06 16:01:59.604,ef00000000000000000000ffff,0.00,0.00,0.00,0.00,0.00,-0.01
2026-10-06 16:02:00.118,ffc754c400c899260088863204,217.03,1.96,-261.68,0.38,-310.96,10.74
2026-10-06 16:02:00.628,08000000c89926010100000064,0.00,-143.36,98.81,2.57,0.00,256.00
2026-10-06 16:02:01.141,eaef0001000000ffffffff68ea,2.39,0.01,0.00,-0.01,-0.01,-55.28
2026-10-06 16:02:01.657,ef000100000000000000f4fea5,2.56,0.00,0.00,0.00,-30.72,-230.42
2026-10-06 16:02:02.159,6cffffff005c86320408000000,-0.01,2.55,-311.40,10.74,0.08,0.00
2026-10-06 16:02:02.673,eb54c4000000003f0000000000,-152.76,0.00,0.00,0.63,0.00,0.00
2026-10-06 16:02:03.188,00000002000000000000000000,0.00,0.02,0.00,0.00,0.00,0.00
2026-10-06 16:02:03.701,0000ea01000063000000007c01,-56.32,0.01,253.44,0.00,0.00,3.80
2026-10-06 16:02:04.214,00007d010000000000007304ee,320.00,0.01,0.00,0.00,294.40,-46.04
2026-10-06 16:02:04.726,a300040000c0e3b04f1cc3feae,10.24,0.00,-72.32,204.00,-155.88,-207.38
2026-10-06 16:02:05.240,f2bea4f7853cd911d317d3e13c,-233.62,-312.41,-99.24,-115.03,-114.97,155.85
2026-10-06 16:02:05.755,4a25f3be88474907bc2fdfc90e,-32.91,-305.30,187.59,-174.01,-84.01,37.85
2026-10-06 16:02:06.257,eac90ee37d614fe6029e4c1729,37.85,322.27,203.21,7.42,196.14,105.19
2026-10-06 16:02:06.769,7e8cdfc0a3f8673c99abd6084f,-83.08,-236.16,266.16,-263.08,-105.81,202.32
2026-10-06 16:02:07.271,e6a21ec55de8c9be98f831a194,78.42,240.05,-138.48,-264.34,127.92,-274.87
2026-10-06 16:02:07.785,272b9127ed849ef48f79d2fb5a,-283.73,-48.25,-249.56,-286.84,-116.55,232.91
2026-10-06 16:02:08.295,6f3d59633c8a37311dc2a39821,228.45,154.59,142.18,74.73,-236.14,86.00
2026-10-06 16:02:08.811,3c8a55d29379a1272fddc974c4,218.98,-276.94,-241.99,120.71,-138.59,-152.44
2026-10-06 16:02:09.325,937d31c2e69d7c63c2124fbecc,126.69,-64.62,319.01,-157.73,202.42,-131.22
2026-10-06 16:02:09.840,a3286b3ce95f4c8a98f8be93f5,274.32,-58.28,195.51,-264.86,-166.48,-26.69
2026-10-06 16:02:10.354,31cc8ad12b462ce45194d59df4,-300.04,112.17,113.34,209.64,-108.60,-29.15
2026-10-06 16:02:10.870,2f46ca18cec67813931a78146a,-137.54,-127.76,309.18,-278.85,307.46,271.56
2026-10-06 16:02:11.383,538f623ff4640ae251a8673d0a,252.31,-30.09,26.60,209.62,265.36,26.21
2026-10-06 16:02:11.885,3a7d470915132706be62e4801e,183.01,53.85,100.03,-168.90,-70.70,78.08
2026-10-06 16:02:12.397,458b186b63d84d3c8af062f815,62.83,254.51,199.28,-301.48,253.28,56.24
2026-10-06 16:02:12.907,8992bea3200f79f28a248c9898,-167.50,83.55,309.91,-299.66,-296.60,-264.72
2026-10-06 16:02:13.409,31ee46621cf628e962c03f46fd,181.58,72.66,104.86,253.21,163.20,-6.98
2026-10-06 16:02:13.912,187b8c47070de951c86b3c8ab0,-295.73,18.63,-58.75,-142.55,154.67,-203.42
2026-10-06 16:02:14.426,a9273b622819e3470c2b23d913,151.43,103.38,-73.99,31.43,90.03,50.81
2026-10-06 16:02:14.940,8995ca93a9a547a755cc1503dd,-136.75,-221.25,183.41,219.27,55.80,-89.57
2026-10-06 16:02:15.454,314e47f2527ab23bc6ef1856c6,182.54,212.34,-198.46,-147.89,63.83,-147.62
2026-10-06 16:02:15.969,b0260622a027e31b8f02d431fe,15.74,-245.42,-73.85,-289.01,-112.62,-4.63
2026-10-06 16:02:16.482,c5300e7814eda027e3508f22ec,36.32,52.40,-243.39,-73.85,-288.48,-50.86
2026-10-06 16:02:16.994,18c13b8f42d8488013c9aa48a4,152.97,170.39,186.48,49.92,-218.15,-234.80
2026-10-06 16:02:17.509,8b519f7912e262c027927631b4,-247.51,47.29,253.14,101.76,303.54,-194.07
2026-10-06 16:02:18.024,8d21548cb86140a4f064cc18a7,215.37,-182.92,164.81,-39.32,-132.12,-227.60
2026-10-06 16:02:18.538,6390e73c5913d3473c892de451,-62.56,228.44,-115.01,154.31,116.57,209.64
2026-10-06 16:02:19.052,b88f3c992b464ae75104493c0a,155.03,111.61,190.14,209.67,186.92,26.20
2026-10-06 16:02:19.566,60624fe6659eec8e3123a62306,203.22,260.86,-49.62,126.86,-230.05,15.71
2026-10-06 16:02:20.081,6695272fe651981bc9ef18b762,101.33,-66.09,-265.43,-140.53,63.83,252.71
2026-10-06 16:02:20.595,602a46eb18614482d930401cf4,179.62,63.79,175.05,-98.54,164.32,-30.44
2026-10-06 16:02:21.110,286f0c3262a81d933a06646230,31.83,251.38,75.92,149.95,256.06,123.86
2026-10-06 16:02:21.625,1793cb78d2ce18779127e58ef1,-134.21,-116.56,63.50,-282.97,-68.73,-36.98
2026-10-06 16:02:22.139,3e066462e48be9131e053a9047,256.06,-70.70,-57.49,76.99,148.53,183.20
2026-10-06 16:02:22.651,11768c1f31f88e942e469ada17,-295.78,125.75,-289.36,119.24,-260.42,61.06
2026-10-06 16:02:23.164,f00fe601000063000000007c01,-66.41,0.01,253.44,0.00,0.00,3.80
2026-10-06 16:02:23.677,00007c010000000000005d22fb,317.44,0.01,0.00,0.00,238.08,-12.46
2026-10-06 16:02:24.191,640004c4310000b0abbc2fe97d,10.24,127.40,0.00,-215.84,122.20,322.33
2026-10-06 16:02:24.707,214f76c4f4c574388f52c9bc2f,302.87,-28.76,298.93,-288.72,-139.98,122.20
2026-10-06 16:02:25.220,e251d201efcb77b2837ab2c378,-116.95,-43.51,306.67,-318.22,-198.46,309.15
2026-10-06 16:02:25.733,5fd893b98027d3458a1fe337f0,-276.88,-325.83,-114.81,-301.39,-73.93,-40.41
2026-10-06 16:02:26.246,28fe194fe6aa35c293b9a84771,66.54,-65.77,137.38,-277.10,-223.43,289.99
2026-10-06 16:02:26.763,177ab22f267e4c28e5c94ae449,-198.46,97.75,195.82,-68.72,191.45,189.16
2026-10-06 16:02:27.275,3ba127fd639ef4bed65b4fd618,101.45,255.97,-29.14,-105.62,203.15,63.58
2026-10-06 16:02:27.791,8fe24d4c87f02866088f6295f4,199.38,-309.00,104.80,21.50,252.31,-29.23
2026-10-06 16:02:28.309,645ee8c94b77321df1645f8cb0,-60.50,194.01,129.19,-38.11,244.20,-203.40
2026-10-06 16:02:28.819,7927df98b0c4932ff328ca1a4f,-84.09,-203.28,-277.08,-32.81,-137.84,202.50
2026-10-06 16:02:29.331,fa17932226beef647d0cb362f4,-278.81,97.62,-41.62,321.00,-197.00,-29.74
2026-10-06 16:02:29.847,8a110b7914657527fd8b913286,28.33,52.41,300.53,-7.29,-282.77,-311.82
2026-10-06 16:02:30.349,b331dec4a4061e85dad4a3d80f,-86.55,-233.56,76.86,-95.95,-235.96,40.56
2026-10-06 16:02:30.863,3d99827814ea598f824edf5142,-321.03,52.40,230.18,-321.13,-83.70,169.77
2026-10-06 16:02:31.364,c5c48981af1839a047d122c6da,-302.68,-206.07,146.16,183.36,89.13,-95.30
2026-10-06 16:02:31.877,1876138f22bc187e45a2a4ef28,49.82,88.47,63.32,177.90,-233.90,104.79
2026-10-06 16:02:32.389,c8439ebc22092326668cbb9118,-250.21,88.92,89.69,261.50,-175.24,62.89
2026-10-06 16:02:32.904,873d4aba18f08f513fc61ee3d1,190.05,63.30,-286.88,162.09,78.78,-118.05
2026-10-06 16:02:33.419,41437a14f21a8f226ceac98e18,312.99,-35.64,-289.02,276.82,-138.46,62.86
2026-10-06 16:02:33.933,4ac6f811c3ca48f64462a5f264,-18.50,-155.99,186.34,176.54,-231.98,258.42
2026-10-06 16:02:34.446,6ae9d1691573c540778cd391bc,-117.99,54.81,-149.89,305.28,-113.80,-172.63
2026-10-06 16:02:34.947,949eec8ef13b869531ac898108,-49.62,-36.98,-311.73,126.93,-302.92,21.77
2026-10-06 16:02:35.462,e8c9f8c6a300758c7f318c031e,-18.47,-236.10,299.52,326.52,-296.47,76.83
2026-10-06 16:02:35.975,453be8c938d4a3083b46f0cea3,-60.85,145.37,-235.96,151.12,-40.26,-236.02
2026-10-06 16:02:36.484,103612e044b22a12e962d4679e,46.62,176.32,109.30,-58.70,-111.66,-249.85
2026-10-06 16:02:37.009,84b818f089a45d0c6d63081523,63.28,-302.24,239.72,279.16,21.47,89.81
2026-10-06 16:02:37.522,6e1810293c1933c6e918e4394f,41.20,154.01,130.81,-56.90,-71.44,202.81
2026-10-06 16:02:38.039,d6c4f4114f620b7914ee234fe6,-28.76,202.41,29.14,52.41,91.98,-65.77
2026-10-06 16:02:38.541,8a91d2791441128f0298d89379,-116.31,52.41,46.73,6.55,-100.88,311.23
2026-10-06 16:02:39.043,9927bb63cc88e9888159e5c98b,-176.25,-132.13,-57.52,-323.76,-68.23,-297.51
2026-10-06 16:02:39.558,7914e646f23bc6ad18988ad13a,-66.36,-35.14,-147.89,63.17,-300.56,150.57
2026-10-06 16:02:40.070,46189160360c10073dca1b838c,-283.92,139.20,41.08,156.23,71.14,-295.65
2026-10-06 16:02:40.573,186ac7a48e019918ccc5e4329e,-144.86,-290.20,-263.67,-132.88,-69.71,-250.38
2026-10-06 16:02:41.075,b433c65de449b963bc8f019918,-147.97,-70.75,-181.03,-173.09,3.99,62.97
2026-10-06 16:02:41.589,f962fa8447810ee451841de347,-14.38,183.08,37.13,209.64,75.56,184.03
2026-10-06 16:02:42.105,0cbe23a58b91067a5f01ff5a02,91.50,-297.87,16.81,244.42,-2.55,6.02
2026-10-06 16:02:42.620,00006300000000e0010000e001,253.44,0.00,0.00,4.80,0.00,4.80
2026-10-06 16:02:43.135,000000000000cdbf61bb0004c4,0.00,0.00,-130.56,250.23,1.87,-153.56
2026-10-06 16:02:43.638,310000b0abbc2fe97d214f76c4,0.00,-215.84,122.20,322.33,202.57,-152.42
2026-10-06 16:02:44.151,f4c574388f52c9bc2fe251d201,298.93,-288.72,-139.98,122.20,209.62,4.66
2026-10-06 16:02:44.667,efcb77b2837ab2c3785fd893b9,306.67,-318.22,-198.46,309.15,-101.45,-180.29
2026-10-06 16:02:45.178,8027d3458a1fe337f028fe194f,-114.81,-301.39,-73.93,-40.41,-4.72,202.49
2026-10-06 16:02:45.693,e6aa35c293b9a84771177ab22f,137.38,-277.10,-223.43,289.99,312.55,122.10
2026-10-06 16:02:46.206,267e4c28e5c94ae4493ba127fd,195.82,-68.72,191.45,189.16,-242.61,-7.29
2026-10-06 16:02:46.709,639ef4bed65b4fd6188fe24d4c,-29.14,-105.62,203.15,63.58,-75.37,195.33
2026-10-06 16:02:47.211,87f02866088f6295f4645ee8c9,104.80,21.50,252.31,-29.23,241.64,-138.48
2026-10-06 16:02:47.724,4b77321df1645f8cb07927df98,129.19,-38.11,244.20,-203.40,101.05,-264.01
2026-10-06 16:02:48.237,b0c4932ff328ca1a4ffa179322,-277.08,-32.81,-137.84,202.50,61.38,88.51
