Timestamp,Bytes_Hex,Sensor_1,Sensor_2,Sensor_3,Sensor_4
2026-10-06 15:47:40.765,18b2b2b1b2b2a518b2b2b2b2a5,-5131598,-5918030,-5066216,-5918030
2026-10-06 15:47:41.276,18b2b2b3b2b268a118b2b20102,-5000526,6861490,-5105503,131506
2026-10-06 15:47:41.789,03040506a318b2b2b1b2b2a518,394500,-5105501,-5066318,1615282
2026-10-06 15:47:42.300,b2b2b3b2b2a518b2b2b268a618,-5065806,1615282,-5066062,1615464
2026-10-06 15:47:42.807,b2010203040506a318b2b2b2b1,197121,394500,-5105501,-5131598
2026-10-06 15:47:43.321,a518b2b2b2b3a518b2b268b267,-5066216,-5917774,-5066216,6795880
2026-10-06 15:47:43.837,b3a3b1b3b168ffffffffffffff,-5000797,-38735,-1,-1
2026-10-06 15:47:44.356,ffffffffffffffffffffffffff,-1,-1,-1,-1
2026-10-06 15:47:44.869,ffffffffffffffffffffffffff,-1,-1,-1,-1
2026-10-06 15:47:45.371,ffffffffffffffffffffffffff,-1,-1,-1,-1
2026-10-06 15:47:45.873,ffffffffffffffffffffffffff,-1,-1,-1,-1
2026-10-06 15:47:46.386,ffffffffffffffffffffffffff,-1,-1,-1,-1
2026-10-06 15:47:46.897,ffffffffffffffffffffffffff,-1,-1,-1,-1
2026-10-06 15:47:47.412,ffffffffffffffffffffffffff,-1,-1,-1,-1
2026-10-06 15:47:47.925,ffffffffffffffffffffffffff,-1,-1,-1,-1
2026-10-06 15:47:48.440,ffffffffffffffffffffffffff,-1,-1,-1,-1
2026-10-06 15:47:48.955,ffffffffffffffffffffffffff,-1,-1,-1,-1
2026-10-06 15:47:49.471,ffffffffffffffffffffffffff,-1,-1,-1,-1
2026-10-06 15:47:49.986,ffffffffffffffffffffffffff,-1,-1,-1,-1
2026-10-06 15:47:50.489,ffffffffffffffffffffffffff,-1,-1,-1,-1
2026-10-06 15:47:50.999,ffffffffffffffffffffffffff,-1,-1,-1,-1
2026-10-06 15:47:51.514,ffffffffffffffffffffffffff,-1,-1,-1,-1
2026-10-06 15:47:52.029,ffffffffffffffffffffffffff,-1,-1,-1,-1
2026-10-06 15:47:52.540,ffffffffffffffffffffffffff,-1,-1,-1,-1
2026-10-06 15:47:53.055,ffffffffffffffffffffffffff,-1,-1,-1,-1
2026-10-06 15:47:53.569,ffffffffffffffffffffffffff,-1,-1,-1,-1
2026-10-06 15:47:54.084,ffffffffffffffffffffffffff,-1,-1,-1,-1
2026-10-06 15:47:54.601,ffffffffffffffffffffffffff,-1,-1,-1,-1
2026-10-06 15:47:55.117,ffffffffffffffffffffffffff,-1,-1,-1,-1
2026-10-06 15:47:55.629,ffffffffffffffffffffffffff,-1,-1,-1,-1
2026-10-06 15:47:56.145,ffffffffffffffffffffffffff,-1,-1,-1,-1
2026-10-06 15:47:56.659,ffffffffffffffffffffffffff,-1,-1,-1,-1
2026-10-06 15:47:57.173,ffffffffffffffffffffffffff,-1,-1,-1,-1
2026-10-06 15:47:57.688,ffffffffffffffffffffffffff,-1,-1,-1,-1
2026-10-06 15:47:58.201,ffffffffffffffffffffffffff,-1,-1,-1,-1
2026-10-06 15:47:58.716,ffffffffffffffffffffffffff,-1,-1,-1,-1
2026-10-06 15:47:59.231,ffffffffffffffffffffffffff,-1,-1,-1,-1
2026-10-06 15:47:59.733,ffffffffffffffffffffffffff,-1,-1,-1,-1
2026-10-06 15:48:00.246,ffffffffffffffffffffffffff,-1,-1,-1,-1
2026-10-06 15:48:00.761,ffffffffffffffffffffffffff,-1,-1,-1,-1
2026-10-06 15:48:01.271,ffffffffffffffffffffffffff,-1,-1,-1,-1
2026-10-06 15:48:01.787,ffffffffffffffffffffffffff,-1,-1,-1,-1
2026-10-06 15:48:02.298,ffffffffffffffffffffffffff,-1,-1,-1,-1
2026-10-06 15:48:02.812,ffffffffffffffffffffffffff,-1,-1,-1,-1
2026-10-06 15:48:03.327,ffffffffffffffffffffffffff,-1,-1,-1,-1
2026-10-06 15:48:03.841,ffffffffffffffffffffffffff,-1,-1,-1,-1
2026-10-06 15:48:04.358,ffffffffffffffffffffffffff,-1,-1,-1,-1
2026-10-06 15:48:04.862,ffffffffffffffffffffffffff,-1,-1,-1,-1
2026-10-06 15:48:05.371,ffffffffffffffffffffffffff,-1,-1,-1,-1
2026-10-06 15:48:05.882,ffffffffffffffffffffffffff,-1,-1,-1,-1
2026-10-06 15:48:06.396,ffffffffffffffffffffffffff,-1,-1,-1,-1
2026-10-06 15:48:06.909,ffffffffffffffffffffffffff,-1,-1,-1,-1
2026-10-06 15:48:07.422,ffffffffffffffffffffffffff,-1,-1,-1,-1
2026-10-06 15:48:07.932,ffffffffffffffffffffffffff,-1,-1,-1,-1
2026-10-06 15:48:08.435,ffffffffffffffffffffffffff,-1,-1,-1,-1
2026-10-06 15:48:08.950,ffffffffffffffffffffffffff,-1,-1,-1,-1
2026-10-06 15:48:09.462,ffffffffffffffffffffffffff,-1,-1,-1,-1
2026-10-06 15:48:09.978,ffffffffffffffffffffffffff,-1,-1,-1,-1
2026-10-06 15:48:10.493,ffffffffffffffffffffffffff,-1,-1,-1,-1
2026-10-06 15:48:11.006,ffffffffffffffffffffffffff,-1,-1,-1,-1
2026-10-06 15:48:11.518,ffffffffffffffffffffffffff,-1,-1,-1,-1
2026-10-06 15:48:12.031,ffffffffffffffffffffffffff,-1,-1,-1,-1
2026-10-06 15:48:12.547,ffffffffffffffffffffffffff,-1,-1,-1,-1
2026-10-06 15:48:13.056,ffffffffffffffffffffffffff,-1,-1,-1,-1
2026-10-06 15:48:13.559,ffffffffffffffffffffffffff,-1,-1,-1,-1
2026-10-06 15:48:14.075,ffffffffffffffffffffffffff,-1,-1,-1,-1
2026-10-06 15:48:14.590,ffffffffffffffffffffffffff,-1,-1,-1,-1
2026-10-06 15:48:15.104,ffffffffffffffffffffffffff,-1,-1,-1,-1
2026-10-06 15:48:15.606,ffffffffffffffffffffffffff,-1,-1,-1,-1
2026-10-06 15:48:16.121,ffffffffffffffffffffffffff,-1,-1,-1,-1
2026-10-06 15:48:16.634,ffffffffffffffffffffffffff,-1,-1,-1,-1
2026-10-06 15:48:17.148,ffffffffffffffffffffffffff,-1,-1,-1,-1
2026-10-06 15:48:17.664,ffffffffffffffffffffffffff,-1,-1,-1,-1
2026-10-06 15:48:18.166,ffffffffffffffffffffffffff,-1,-1,-1,-1
2026-10-06 15:48:18.682,ffffffffffffffffffffffffff,-1,-1,-1,-1
2026-10-06 15:48:19.184,ffffffffffffffffffffffffff,-1,-1,-1,-1
2026-10-06 15:48:19.700,ffffffffffffffffffffffffff,-1,-1,-1,-1
2026-10-06 15:48:20.214,ffffffffffffffffffffffffff,-1,-1,-1,-1
2026-10-06 15:48:20.728,ffffffffffffffffffffffffff,-1,-1,-1,-1
2026-10-06 15:48:21.240,ffffffffffffffffffffffffff,-1,-1,-1,-1
2026-10-06 15:48:21.755,ffffffffffffffffffffffffff,-1,-1,-1,-1
2026-10-06 15:48:22.267,ffffffffffffffffffffffffff,-1,-1,-1,-1
2026-10-06 15:48:22.780,ffffffffffffffffffffffffff,-1,-1,-1,-1
2026-10-06 15:48:23.296,ffffffffffffffffffffffffff,-1,-1,-1,-1
2026-10-06 15:48:23.812,ffffffffffffffffffffffffff,-1,-1,-1,-1
2026-10-06 15:48:24.323,ffffffffffffffffffffffffff,-1,-1,-1,-1
2026-10-06 15:48:24.837,ffffffffffffffffffffffffff,-1,-1,-1,-1
2026-10-06 15:48:25.350,ffffffffffffffffffffffffff,-1,-1,-1,-1
2026-10-06 15:48:25.862,ffffffffffffffffffffffffff,-1,-1,-1,-1
2026-10-06 15:48:26.374,ffffffffffffffffffffffffff,-1,-1,-1,-1
2026-10-06 15:48:26.876,ffffffffffffffffffffffffff,-1,-1,-1,-1
2026-10-06 15:48:27.391,ffffffffffffffffffffffffff,-1,-1,-1,-1
2026-10-06 15:48:27.906,ffffffffffffffffffffffffff,-1,-1,-1,-1
2026-10-06 15:48:28.420,ffffffffffffffffffffffffff,-1,-1,-1,-1
2026-10-06 15:48:28.936,ffffffffffffffffffffffffff,-1,-1,-1,-1
2026-10-06 15:48:29.450,ffffffffffffffffffffffffff,-1,-1,-1,-1
2026-10-06 15:48:29.962,ffffffffffffffffffffffffff,-1,-1,-1,-1
2026-10-06 15:48:30.477,ffffffffffffffffffffffffff,-1,-1,-1,-1
2026-10-06 15:48:30.994,ffffffffffffffffffffffffff,-1,-1,-1,-1
2026-10-06 15:48:31.508,ffffffffffffffffffffffffff,-1,-1,-1,-1
2026-10-06 15:48:32.020,ffffffffffffffffffffffffff,-1,-1,-1,-1
2026-10-06 15:48:32.531,ffffffffffffffffffffffffff,-1,-1,-1,-1
2026-10-06 15:48:33.034,ffffffffffffffffffffffffff,-1,-1,-1,-1
2026-10-06 15:48:33.545,ffffffffffffffffffffffffff,-1,-1,-1,-1
2026-10-06 15:48:34.058,ffffffffffffffffffffffffff,-1,-1,-1,-1
2026-10-06 15:48:34.560,ffffffffffffffffffffffffff,-1,-1,-1,-1
2026-10-06 15:48:35.077,ffffffffffffffffffffffffff,-1,-1,-1,-1
2026-10-06 15:48:35.589,ffffffffffffffffffffffffff,-1,-1,-1,-1
2026-10-06 15:48:36.103,ffffffffffffffffffffffffff,-1,-1,-1,-1
2026-10-06 15:48:36.619,ffffffffffffffffffffffffff,-1,-1,-1,-1
2026-10-06 15:48:37.132,ffffffffffffffffffffffffff,-1,-1,-1,-1
2026-10-06 15:48:37.645,ffffffffffffffffffffffffff,-1,-1,-1,-1
2026-10-06 15:48:38.159,ffffffffffffffffffffffffff,-1,-1,-1,-1
2026-10-06 15:48:38.660,ffffffffffffffffffffffffff,-1,-1,-1,-1
2026-10-06 15:48:39.173,ffffffffffffffffffffffffff,-1,-1,-1,-1
2026-10-06 15:48:39.689,ffffffffffffffffffffffffff,-1,-1,-1,-1
2026-10-06 15:48:40.191,ffffffffffffffffffffffffff,-1,-1,-1,-1
2026-10-06 15:48:40.705,ffffffffffffffffffffffffff,-1,-1,-1,-1
2026-10-06 15:48:41.217,ffffffffffffffffffffffffff,-1,-1,-1,-1
2026-10-06 15:48:41.733,ffffffffffffffffffffffffff,-1,-1,-1,-1
2026-10-06 15:48:42.247,ffffffffffffffffffffffffff,-1,-1,-1,-1
2026-10-06 15:48:42.760,ffffffffffffffffffffffffff,-1,-1,-1,-1
2026-10-06 15:48:43.269,ffffffffffffffffffffffffff,-1,-1,-1,-1
2026-10-06 15:48:43.783,ffffffffffffffffffffffffff,-1,-1,-1,-1
2026-10-06 15:48:44.298,ffffffffffffffffffffffffff,-1,-1,-1,-1
2026-10-06 15:48:44.812,ffffffffffffffffffffffffff,-1,-1,-1,-1
2026-10-06 15:48:45.326,ffffffffffffffffffffffffff,-1,-1,-1,-1
2026-10-06 15:48:45.840,ff0d00000000000000000000d7,13,0,0,-2686976
2026-10-06 15:48:46.356,2300000000000080bf000080bf,0,0,49024,-4227072
2026-10-06 15:48:46.871,000080bf000080bf0000000000,-4227072,-8388608,191,0
2026-10-06 15:48:47.384,00000000006f6fcdcc4c3fcdcc,0,7302912,5033165,-3355329
2026-10-06 15:48:47.898,4c3f1e0000001e0000001e0000,7743,1966080,0,30
2026-10-06 15:48:48.411,00000000000200000001000000,0,512,65536,0
2026-10-06 15:48:48.912,30204843494d302e4344462020,4409376,3165513,4473646,2105414
2026-10-06 15:48:49.426,20204431303157333052333056,3228704,5714224,5386291,5648435
2026-10-06 15:48:49.941,333046773e7854547475766263,7816752,5535806,7697492,6513270
2026-10-06 15:48:50.444,644c7854545054544678545454,5535820,5525588,7882324,5526612
2026-10-06 15:48:50.959,54467854544d5454773e785454,5535814,5524820,4093780,5526648
2026-10-06 15:48:51.473,7475766263644c785454505454,6452853,5006435,5526648,5526608
2026-10-06 15:48:51.984,467854544d5454467854545477,5526648,5526605,5535814,7820372
2026-10-06 15:48:52.497,3d78547475766263644c785454,7623800,6452853,5006435,5526648
2026-10-06 15:48:53.011,545046785454544d4678545477,7882320,5526612,7882317,7820372
2026-10-06 15:48:53.526,547c4d4c504d50772e20202020,5000572,5262672,2109047,2105376
2026-10-06 15:48:54.042,20202020202020202020202020,2105376,2105376,2105376,2105376
2026-10-06 15:48:54.557,202020202031370a0000000000,2105376,3617056,10,0
2026-10-06 15:48:55.070,00000000000000000000000000,0,0,0,0
2026-10-06 15:48:55.586,00000000000000000000000000,0,0,0,0
2026-10-06 15:48:56.100,00000000000000000000000000,0,0,0,0
2026-10-06 15:48:56.618,00000000000000000000000000,0,0,0,0
2026-10-06 15:48:57.132,00000000000000000000000000,0,0,0,0
2026-10-06 15:48:57.644,00000000000000000000000000,0,0,0,0
2026-10-06 15:48:58.157,00000000000000000000000000,0,0,0,0
2026-10-06 15:48:58.672,00000000000000000000000000,0,0,0,0
2026-10-06 15:48:59.187,00000000000000000000000000,0,0,0,0
2026-10-06 15:48:59.699,00000000000000000000000000,0,0,0,0
2026-10-06 15:49:00.210,00000000000000000000000000,0,0,0,0
2026-10-06 15:49:00.725,00000000000000000000000000,0,0,0,0
2026-10-06 15:49:01.240,00000000000000000000000000,0,0,0,0
2026-10-06 15:49:01.756,00000000000000000000000000,0,0,0,0
2026-10-06 15:49:02.271,00000000000000000000000000,0,0,0,0
2026-10-06 15:49:02.786,00000000000000000000000000,0,0,0,0
2026-10-06 15:49:03.290,00000000000000000000000000,0,0,0,0
2026-10-06 15:49:03.792,00000000000000000000000000,0,0,0,0
2026-10-06 15:49:04.305,00000000000000000000000000,0,0,0,0
2026-10-06 15:49:04.822,00000000000000000000000000,0,0,0,0
2026-10-06 15:49:05.336,00000000000000000000000000,0,0,0,0
2026-10-06 15:49:05.838,00000000000000000000000000,0,0,0,0
2026-10-06 15:49:06.352,00000000000000000000000000,0,0,0,0
2026-10-06 15:49:06.864,00000000000000000000000000,0,0,0,0
2026-10-06 15:49:07.376,cad4e018000000002ad0e01858,1630420,0,-3134976,5773536
2026-10-06 15:49:07.890,ddce004401e46effffffff64dd,4456654,7267329,-1,-2267905
2026-10-06 15:49:08.403,ce00f92f886e52d0e018a0e3ce,3143936,5402248,1630416,-3218528
2026-10-06 15:49:08.919,000000000000000000462c876e,0,0,4587520,7243564
2026-10-06 15:49:09.431,81f7926e92e7e0180200000030,7246583,-2037870,536,3145728
2026-10-06 15:49:09.946,3dfa0330edce00e225886e5027,3146746,52973,-7854622,2576494
2026-10-06 15:49:10.449,886e52d0e01820e3ce004401e4,-3124626,2103520,52963,-1834684
2026-10-06 15:49:10.963,6effffffff8b2c876efa27886e,-1,2919423,-364921,7243815
2026-10-06 15:49:11.477,1aeee018e0edce00dcedce0000,1630446,-3215904,-1188864,206
2026-10-06 15:49:11.992,000000e4edce00000000000000,-1835008,52973,0,0
2026-10-06 15:49:12.493,0000568c707200000000547d00,-7580160,29296,0,32084
2026-10-06 15:49:13.006,0100000000fcddce001c000000,0,-2229248,1835214,0
2026-10-06 15:49:13.518,90faff00b4e2ce0000000000bc,65530,-3218764,0,-4456448
2026-10-06 15:49:14.032,e2ce0090efff007b936f72c8dd,-7339826,65519,7312251,-2242446
2026-10-06 15:49:14.547,ce00000000001c01000092936f,0,1835008,1,7312274
2026-10-06 15:49:15.062,720000000054ebce0000000000,0,-1354752,206,0
2026-10-06 15:49:15.577,000000000ca5fa030000000000,0,-350964,3,0
2026-10-06 15:49:16.079,00000000000000000000000000,0,0,0,0
2026-10-06 15:49:16.582,000007766d031033876ea4edce,7735040,1049453,7243571,-3215964
2026-10-06 15:49:17.101,008cdece0001000000206cfa00,-3219828,256,2097152,64108
2026-10-06 15:49:17.617,00000000206cfa000000000000,0,-365536,0,0
2026-10-06 15:49:18.136,0000008ad01b77440000000400,-7733248,7805904,68,1024
2026-10-06 15:49:18.653,00000100000000000000d5d01b,256,0,0,1822933
2026-10-06 15:49:19.165,77d8dece00206cfa0000000000,-3219752,7086080,250,0
2026-10-06 15:49:19.679,206cfa00000000000000000046,64108,0,0,4587520
2026-10-06 15:49:20.190,830e77650000004f000000d017,6649614,0,79,1560576
2026-10-06 15:49:20.699,0e7708efff00000000005b830e,-1111945,255,0,951131
2026-10-06 15:49:21.212,7790efff0008efff0000000000,-4208,-1112064,255,0
2026-10-06 15:49:21.714,568c707200000000547d000100,7499916,0,8213504,256
2026-10-06 15:49:22.230,000000e4dece001c00000098e3,-1835008,52958,28,-1861632
2026-10-06 15:49:22.741,ce0000000000a0e3ce008cdece,0,-6291456,52963,-3219828
2026-10-06 15:49:23.256,000000000000000000e4562c0d,0,0,-1835008,863318
2026-10-06 15:49:23.770,b4eece00a0e3ce000000000000,52974,-3218528,0,0
2026-10-06 15:49:24.284,00000000000000e0edce0010f2,0,0,-3215904,-913408
2026-10-06 15:49:24.800,3606e4562c0d10f23606000000,5694470,1051948,407282,0
2026-10-06 15:49:25.313,00000000000000000000000000,0,0,0,0
2026-10-06 15:49:25.829,18e9d30b20ebd30b0000000000,775145,-2888928,11,0
2026-10-06 15:49:26.344,00000000000000000000000000,0,0,0,0
2026-10-06 15:49:26.860,00000000000000000000000000,0,0,0,0
2026-10-06 15:49:27.373,00000000000000000000000000,0,0,0,0
2026-10-06 15:49:27.887,00000000000000000000000000,0,0,0,0
2026-10-06 15:49:28.400,00000000000000000000000000,0,0,0,0
2026-10-06 15:49:28.915,00000000000000000000000000,0,0,0,0
2026-10-06 15:49:29.418,00000000000000000000000000,0,0,0,0
2026-10-06 15:49:29.933,00000000000000000000000000,0,0,0,0
2026-10-06 15:49:30.446,00000000000000000000000000,0,0,0,0
2026-10-06 15:49:30.960,00000000000000000000000000,0,0,0,0
2026-10-06 15:49:31.475,00000000000000000000000000,0,0,0,0
2026-10-06 15:49:31.991,00000000000000000000000000,0,0,0,0
2026-10-06 15:49:32.507,00000000000000000000000000,0,0,0,0
2026-10-06 15:49:33.021,00000000000000000000000000,0,0,0,0
2026-10-06 15:49:33.536,00000000000000000000000000,0,0,0,0
2026-10-06 15:49:34.050,00000000000000000000000000,0,0,0,0
2026-10-06 15:49:34.565,00000000000000000000000300,0,0,0,768
2026-10-06 15:49:35.068,0000444b545030303639393136,4932608,3166292,3749424,3551545
2026-10-06 15:49:35.580,00000000000000000000000000,0,0,0,0
2026-10-06 15:49:36.096,00000000000000000000000000,0,0,0,0
2026-10-06 15:49:36.611,00000000000000000000000000,0,0,0,0
2026-10-06 15:49:37.126,00000000000000000000000000,0,0,0,0
2026-10-06 15:49:37.641,00000000000000000000000000,0,0,0,0
2026-10-06 15:49:38.155,00000000000000000000000000,0,0,0,0
2026-10-06 15:49:38.670,00000000000000000000000000,0,0,0,0
2026-10-06 15:49:39.181,00002ad4e0180ed1e01874dcce,-2872832,923872,1630417,-3220364
2026-10-06 15:49:39.693,004401e46effffffff80dcce00,-1834684,-146,-8323073,52956
2026-10-06 15:49:40.211,f92f886eb6d1e018bce2ce0000,7243823,-2043466,-1917928,206
2026-10-06 15:49:40.724,00000000000000d0edce005ed1,0,0,-3215920,-3056128
2026-10-06 15:49:41.236,e01818d9ce003ce2ce0019e7e8,-2549736,3932366,52962,-1513703
2026-10-06 15:49:41.753,6effffffffe225886e5027886e,-1,2482943,5271176,7243815
2026-10-06 15:49:42.265,b6d1e0183ce2ce004401e46eff,1630417,-3218884,82944,-37148
2026-10-06 15:49:42.780,ffffff8b2c876efa27886e7eef,-7602177,7243564,-7854086,-1081746
2026-10-06 15:49:43.292,e0180100000090efff00fbb570,280,-7340032,65519,7386619
2026-10-06 15:49:43.807,7290efff000000000000000000,-4208,0,0,0
2026-10-06 15:49:44.320,725f466f44004b005400500030,7292511,4915268,21504,3145808
2026-10-06 15:49:44.837,00300036003900390031003600,3538992,14592,3211321,13824
2026-10-06 15:49:45.350,0000756d70315f456e6190faff,7173376,6238576,6385221,-1392
2026-10-06 15:49:45.864,007b936f72e0dcce0000000000,7312251,-2301838,206,0
2026-10-06 15:49:46.378,1c01000092936f720000000000,1,7312274,114,0
2026-10-06 15:49:46.895,00000000000000000000000000,0,0,0,0
2026-10-06 15:49:47.407,00000000000000000000000000,0,0,0,0
2026-10-06 15:49:47.921,00000000000000000000000000,0,0,0,0
2026-10-06 15:49:48.435,07766d031033876ec0ecce00a8,224630,-7916784,-1261458,-5766962
2026-10-06 15:49:48.948,ddce0001000000206cfa000000,65742,0,-365536,0
2026-10-06 15:49:49.465,0000206cfa0000000000000000,7086080,250,0,0
2026-10-06 15:49:49.981,00440000000400000001000000,68,1024,65536,0
2026-10-06 15:49:50.491,00000000d5d01b77f0ddce0000,0,1822933,-2232201,206
2026-10-06 15:49:51.003,000000206cfa0000000000206c,2097152,64108,0,7086080
2026-10-06 15:49:51.517,fa000000000000000000650000,0,0,0,101
2026-10-06 15:49:52.030,004f000000d0170e7708faff00,79,1560576,554766,65530
2026-10-06 15:49:52.542,000000005b830e7790faff0008,0,951131,-356233,524543
2026-10-06 15:49:53.056,faff0000000000568c70720000,255,0,7375958,114
2026-10-06 15:49:53.560,0000547d000100000000fcddce,8213504,256,0,-3219972
2026-10-06 15:49:54.075,001f000000ece6ce001ce3ce00,31,-1643520,1835214,52963
2026-10-06 15:49:54.587,00000000d4e1ce003328886efc,0,-3218988,2634496,-233848
2026-10-06 15:49:55.103,e6ce0020000000d0e13f04eaec,2097358,0,4186576,-1250812
2026-10-06 15:49:55.612,e01820e2ce00b4e2ce00dcebce,-1957864,-4980530,52962,-3216420
2026-10-06 15:49:56.114,000200000061b98a6e06ecce00,2,-4628224,421514,52972
2026-10-06 15:49:56.627,faebce0002000000dcebce008c,52971,2,-1319936,-7601970
2026-10-06 15:49:57.139,e4ce0064e4ce000e0000008ce4,6553806,52964,14,-1799168
2026-10-06 15:49:57.653,ce00dcebce00f0738a6efaebce,-1319936,-1048370,7244403,-3216390
2026-10-06 15:49:58.168,00462c876e09748a6e7ee9e018,-7918522,7604590,8285834,1630441
2026-10-06 15:49:58.683,04eace00dcebce00550000000c,52970,-3216420,21760,786432
2026-10-06 15:49:59.199,00000002000000000200000000,131072,0,512,0
2026-10-06 15:49:59.709,000038e2ce0000000000000200,-1951744,206,0,512
2026-10-06 15:50:00.212,000000000048e2ce000000ce00,0,-1947648,206,52736
2026-10-06 15:50:00.726,030000009ce8ce0084e2ce00c0,0,-3217252,-1932288,-4194098
2026-10-06 15:50:01.241,01e46effffffff094c876ee4e4,-37148,-1,-7910391,-1776530
2026-10-06 15:50:01.755,ce00e4e4ce0088e2ce005d048a,-1776640,-7864114,52962,-7732131
2026-10-06 15:50:02.269,6e060000000400000001000000,6,1024,65536,0
2026-10-06 15:50:02.783,e4e4ce0004eace00c4e4ce0046,52964,-3216892,-1784832,4587726
2026-10-06 15:50:03.298,2c876ecbe7876ef2e9e01804ea,-3445113,7243751,-2037262,-1440744
2026-10-06 15:50:03.814,ce00f6a40d6d84e5ce00c0e2ce,-5966336,-8098547,52965,-3218752
2026-10-06 15:50:04.329,004f0b886ef6efe018ece6ce00,-7861425,-1051026,-1304352,52966
2026-10-06 15:50:04.839,e4e2ce004803e46efffffffff4,52962,-1834168,-146,-720897
2026-10-06 15:50:05.354,e2ce00ad0a886ec2efe0180000,-5439282,7243786,-2035774,24
2026-10-06 15:50:05.863,0000ece6ce00000000001ce3ce,-1643520,206,0,-3218660
2026-10-06 15:50:06.377,01c8e2ce001ce3ce001ce3ce00,-3218744,-1893376,1835214,52963
2026-10-06 15:50:06.892,a0f4956eb607a676feffffff28,7247348,-5896266,-394,2686975
2026-10-06 15:50:07.406,e3ce00c02a886eece6ce009000,-4194098,7243818,-3217684,36864
2026-10-06 15:50:07.921,0000ffffffff200b886e1eeee0,-256,2162687,7243787,-2036194
2026-10-06 15:50:08.434,18a0e3ce001eeee018ace3ce00,-3218528,-1171968,-5498656,52963
2026-10-06 15:50:08.948,50e3ce001002e46effffffff5c,52963,-1834480,-146,6094847
2026-10-06 15:50:09.451,e3ce007d2b886e6aeee018e0ed,8192206,7243819,-2036118,-1187816
2026-10-06 15:50:09.968,ce00dcedce0000000000bce5ce,-1188864,206,0,-3217988
2026-10-06 15:50:10.479,000ce6ce005ce6ce00ace3ce00,-3217908,-1680384,-5504818,52963
2026-10-06 15:50:10.992,58edce0097dfe86effffffff46,52973,-1515625,-146,4653055
2026-10-06 15:50:11.507,2c876e1e2d886e52e0e018d0e1,1994375,7243821,-2039726,-1978344
2026-10-06 15:50:12.020,3f04206cfa0000000000530000,7086084,250,0,83
2026-10-06 15:50:12.535,00000000000000000000000000,0,0,0,0
2026-10-06 15:50:13.051,b4eece00000000000000000000,52974,0,0,0
2026-10-06 15:50:13.564,000000d0e13f04e4562c0dffff,-3145728,278497,2905828,-243
2026-10-06 15:50:14.080,ffff902b886e00000000000000,2855167,28296,0,0
2026-10-06 15:50:14.595,00000000000002000000000000,0,131072,0,0
2026-10-06 15:50:15.109,bce3ce0000000000c4e3ce00c8,52963,0,-1850368,-3669810
2026-10-06 15:50:15.622,e3ce00000000000aa51f63a8da,206,0,2073866,-2447261
2026-10-06 15:50:16.138,ce000b00000001000000010000,2816,65536,0,1
2026-10-06 15:50:16.654,009802db0b01000000c5c96f72,-2424168,267,-3866624,7499721
2026-10-06 15:50:17.168,3b9c727218000000f158011b00,7500444,24,5828864,6913
2026-10-06 15:50:17.684,dace00ec2c6f72010000000100,-1310514,7499564,1,256
2026-10-06 15:50:18.194,00002c741c77038e1b77100400,7613440,227100,7805838,1040
2026-10-06 15:50:18.709,00000300002000000005000400,768,8192,327680,1024
2026-10-06 15:50:19.224,809c3306c09d3306f1d61977c0,406428,3382720,-2690810,-4163815
2026-10-06 15:50:19.739,9d330600000000200000007ee9,1587,0,32,-1475072
2026-10-06 15:50:20.256,e0189ce4ce00b4a6e66effffff,-1795048,-4980530,7268006,-1
2026-10-06 15:50:20.772,ff09748a6e53748a6e64e4ce00,-7703543,7623534,6581898,52964
2026-10-06 15:50:21.274,000000008ce4ce00dcebce009c,0,-3218292,-1319936,-6553394
2026-10-06 15:50:21.787,e4ce00faebce00010000008361,-393010,52971,1,6390528
2026-10-06 15:50:22.301,8a6ea8e4ce0085748a6e98748a,-1791890,-8060722,7244404,-7703400
2026-10-06 15:50:22.813,6e9ee9e01804eace00f4e4ce00,-2037346,-1440744,-786226,52964
2026-10-06 15:50:23.314,550000000e0000000e00000004,0,14,3584,262144
2026-10-06 15:50:23.828,010000f4e4ce0008e6ce001039,-786432,52964,-3217912,3739648
2026-10-06 15:50:24.341,e46effffffff98748a6e678c8a,-146,-6750209,7244404,-7697305
2026-10-06 15:50:24.856,6ef4e4ce0004eace00f4e4ce00,-3218188,-1440768,-786226,52964
2026-10-06 15:50:25.371,84e5ce0014e6ce00462c876e7a,52965,-3217900,2901504,8023687
2026-10-06 15:50:25.886,8d8a6e22ebe0182896fc000000,2256522,1630443,-223704,0
2026-10-06 15:50:26.402,000004eace006de60e6df6a40d,-1440768,7143630,7147238,894198
2026-10-06 15:50:26.918,6d0e0000008000000004000000,14,32768,262144,0
2026-10-06 15:50:27.431,f4e4ce00550049006e00740031,52964,4784213,28160,3211380
2026-10-06 15:50:27.946,00360000006603d6010000b840,54,222720,470,4241408
2026-10-06 15:50:28.459,66030600000084e5ce00b94b89,1539,-8126464,52965,-7779399
2026-10-06 15:50:28.975,6e5ce5ce009eb58b6ed6010002,-3218084,-4874752,-2724213,131073
2026-10-06 15:50:29.487,80e5ce0071c0337600000000b8,52965,3391601,118,-4718592
2026-10-06 15:50:30.001,406603d60100028ce6ce0060e5,-2751642,131073,-3217780,-1744896
2026-10-06 15:50:30.516,ce00720c896e5ce5ce00d60100,815616,6057609,52965,470
2026-10-06 15:50:31.031,0284e5ce00d601000211000000,-3218044,120320,1114624,0
2026-10-06 15:50:31.545,80e5ce00a0a0fa03d8e5ce00ba,52965,-352096,-1714173,-4587314
2026-10-06 15:50:32.060,0c896ed60100025015896ea0e6,-2724215,131073,-7793328,-1662866
2026-10-06 15:50:32.579,ce000e00000080000000040000,3584,-8388608,0,4
2026-10-06 15:50:33.094,0084e5ce005300790073007400,-3218044,21248,7536761,29696
2026-10-06 15:50:33.613,65006d000000bea9e8ef054080,27904,-4325376,-1054551,-8372219
2026-10-06 15:50:34.128,4b0b880000000040e6ce000200,34827,0,-3217856,512
2026-10-06 15:50:34.641,00008ce6ce0000000000c50100,-1668096,206,0,453
2026-10-06 15:50:35.147,0065000000f0ce30763c6f1c77,101,-3215360,3962416,7806063
2026-10-06 15:50:35.662,887aee76f4130000e0e5ce0020,7794298,5108,-1712128,2097358
2026-10-06 15:50:36.176,eace0010020000090000000000,1048782,2,9,0
2026-10-06 15:50:36.690,0000567bee7600000000060000,8082944,30446,0,6
2026-10-06 15:50:37.206,00f108886e10e6ce0000000000,-7862031,-1699730,206,0
2026-10-06 15:50:37.719,040000002896fc0020848a6e18,0,-223704,-8118272,1601162
2026-10-06 15:50:38.232,e6ce0022ebe0182aebe01838e6,2228430,1630443,-2036950,-1689576
2026-10-06 15:50:38.743,ce004ce7ce001002e46effffff,-1618944,1048782,7267330,-1
2026-10-06 15:50:39.257,ff462c876e3f8e8a6e6eeae018,-7918522,-7454866,7237258,1630442
2026-10-06 15:50:39.770,04eace002896fc000300000009,52970,-223704,768,589824
2026-10-06 15:50:40.284,21100004000000000100000000,262160,0,256,0
2026-10-06 15:50:40.798,000048e6ce0050010002d0e7ce,-1685504,5243086,131073,-3217456
2026-10-06 15:50:41.313,000ceace00060000003410986c,-3216884,1536,3407872,7116816
2026-10-06 15:50:41.826,0600000098e6ce00d9b68b6e04,0,-3217768,-4794112,290443
2026-10-06 15:50:42.328,000001d0e7ce0098e6ce000000,-3145472,52967,-3217768,0
2026-10-06 15:50:42.845,0000e8e6ce00ba0c896ed0e7ce,-1644544,-4587314,7244044,-3217456
2026-10-06 15:50:43.359,00b8e6ce00fdc5926e04000000,-3217736,-3801856,290450,0
2026-10-06 15:50:43.874,48edce00d0e7ce000ceace0000,52973,-3217456,-1438720,206
2026-10-06 15:50:44.386,0000000ceace00000000007f16,786432,52970,0,1474304
2026-10-06 15:50:44.901,936e41eace009e0bbc00010000,-1425042,-6422322,48139,1
2026-10-06 15:50:45.418,00f8e6ce0022ca926eb8406603,-3217672,-3530240,-4690286,222784
2026-10-06 15:50:45.928,48edce000ceace000000000020,52973,-3216884,0,2097152
2026-10-06 15:50:46.445,0000001c000d00c8592513dc59,1835008,3328,2447816,5889043
2026-10-06 15:50:46.961,251368e7ce0093cb19773c0000,-1611757,-7143218,7805387,60
2026-10-06 15:50:47.476,0020000000c0eace000000f500,32,-1392640,206,62720
2026-10-06 15:50:47.993,0000ce0022ca926eb840660348,52736,-7157214,4241518,4719462
2026-10-06 15:50:48.505,edce000ceace00000000006800,786638,52970,0,26624
2026-10-06 15:50:49.020,0000d007cf000000cf00000000,512000,207,52992,0
2026-10-06 15:50:49.533,000000000000000000904fe30b,0,0,-7340032,779087
2026-10-06 15:50:50.035,00000000000000000500000002,0,0,1280,131072
2026-10-06 15:50:50.547,00000068000000ec01cf000000,6815744,0,-3210772,0
2026-10-06 15:50:51.048,00006eeae018c8e9ce00a277ea,-1413632,-3663648,52969,-1411166
2026-10-06 15:50:51.561,6effffffff3f8e8a6ef98e8a6e,-1,-7454721,-430454,7244430
2026-10-06 15:50:52.076,462c876e108f8a6ee2e4e018dc,7243564,-7696624,-1777042,-2352928
2026-10-06 15:50:52.579,ebce00206cfa00030000000300,2097358,64108,3,768
2026-10-06 15:50:53.081,00000000f50004eace009ce7ce,0,262389,52970,-3217508
2026-10-06 15:50:53.594,0095f2886e0000f50000000000,-7802219,110,245,0
2026-10-06 15:50:54.106,5e000000b0f2886ea8e7ce00da,0,-7802192,-1595282,-2490162
2026-10-06 15:50:54.619,f2886e5e00000010612513c0ea,6188680,0,2449680,-1392621
2026-10-06 15:50:55.134,ce00e607936e10612513462c87,517632,1076883,1254753,-7918522
2026-10-06 15:50:55.649,6e1408936e46e7e01860ebce00,-7141356,-1620370,6297824,52971
2026-10-06 15:50:56.162,303dfa0358ebce009f0bbc0000,260669,-3216552,761600,188
2026-10-06 15:50:56.675,00000000000000030000000000,0,0,3,0
2026-10-06 15:50:57.190,0000e060251300000000000000,6348800,4901,0,0
2026-10-06 15:50:57.703,00030000002e00000018eace00,3,11776,1572864,52970
2026-10-06 15:50:58.213,00000000240000000002000064,0,36,131072,6553600
2026-10-06 15:50:58.730,ebce0000000000000000000000,206,0,0,0
2026-10-06 15:50:59.246,00000000000000000000000000,0,0,0,0
2026-10-06 15:50:59.761,0000000000ffffffff00000000,0,-256,65535,0
2026-10-06 15:51:00.274,ac751977000000000000000001,7805301,0,0,65536
2026-10-06 15:51:00.792,8ee32fdce8ce00e47419778a32,-2347037,52968,1668324,3312247
2026-10-06 15:51:01.306,1571340000c06cebce0030082d,13425,7127040,52971,2951216
2026-10-06 15:51:01.818,0610420101d0e6ce0000000000,82448,-1650687,206,0
2026-10-06 15:51:02.334,0000000070e8ce00ec31157104,0,-3217296,3271680,291093
2026-10-06 15:51:02.850,5d888a48000000de311571ce31,4754056,0,1389022,3264113
2026-10-06 15:51:03.363,1571a0e9ce0098e9ce000a0000,-1466255,-6815538,52969,10
2026-10-06 15:51:03.875,00fc731c779f82e476a6290b58,1864700,-8216713,-5867804,5770025
2026-10-06 15:51:04.387,88edce001ceace00e782e476a9,52973,-3216868,-8198400,-5671196
2026-10-06 15:51:04.899,81e476bd303cbb366ddf75a462,-4360476,-4506576,-2134730,6464629
2026-10-06 15:51:05.401,464a00100000feffffff000000,1048650,-131072,-1,0
2026-10-06 15:51:05.915,0000000000feffffff58302806,0,-512,5832703,403504
2026-10-06 15:51:06.426,fffffffff0e9ce00e8e9ce0020,-1,-3216912,-1447936,2097358
2026-10-06 15:51:06.936,00000023001100d05b0301e45b,2293760,4352,220112,6022145
2026-10-06 15:51:07.450,030170e9ce0093cb19777c0000,-1478655,-7143218,7805387,124
2026-10-06 15:51:07.964,0020000000f0e9ce000000f500,32,-1445888,206,62720
2026-10-06 15:51:08.477,06000000beb719770a000000a8,0,1685438,2679,-5767168
2026-10-06 15:51:08.991,eece0004010000060000001800,262350,1,6,6144
2026-10-06 15:51:09.504,00009008cf000000cf00000000,561152,207,52992,0
2026-10-06 15:51:10.019,00000000000401000078180401,0,66560,7864320,66584
2026-10-06 15:51:10.535,00000000ffffffff00000000ac,0,-1,255,-5505024
2026-10-06 15:51:11.049,75197718000000c401cf000800,1603353,0,-3210812,2048
2026-10-06 15:51:11.560,0000ece9ce00e4741977100000,-1446912,-1834802,7805300,16
2026-10-06 15:51:12.074,00000000000000f500c425cf00,0,0,-3931915,53029
2026-10-06 15:51:12.591,cce9ce00c025cf008ce9ce003e,52969,-3201600,-1471488,4063438
2026-10-06 15:51:13.106,c7197700000000000000000000,30489,0,0,0
2026-10-06 15:51:13.619,00006cecce00f0e9ce0004ecce,-1283072,-1048370,52969,-3216380
2026-10-06 15:51:14.135,0098bf1977505c0301f0e9ce00,1687448,6049911,-1048317,52969
2026-10-06 15:51:14.646,fc731c779f82e476d6280b5894,7806067,-1801569,2676342,-7055349
2026-10-06 15:51:15.148,eece002cebce00e782e476a981,2883790,52971,-1801497,-8279690
2026-10-06 15:51:15.664,e4768d313cbb94eece00b8ebce,3247478,-7029956,52974,-3216456
2026-10-06 15:51:16.181,0008ecce002400000001000000,-3216376,9216,65536,0
2026-10-06 15:51:16.684,000000000000000070000000ff,0,0,28672,-65536
2026-10-06 15:51:17.195,ffffffffffffff5e81e476e782,-1,-1,-1801890,-8198282
2026-10-06 15:51:17.710,e4760000000001000000000000,118,65536,0,0
2026-10-06 15:51:18.227,0000000000f4e9ce0000000000,0,-1444864,206,0
2026-10-06 15:51:18.742,94eece0000508b0020ebce0020,52974,-7647232,-1368064,2097358
2026-10-06 15:51:19.251,0000001d000000c8592513dc59,1900544,0,2447816,5889043
2026-10-06 15:51:19.766,2513a8eace0093cb1977040000,-1398765,-7143218,7805387,4
2026-10-06 15:51:20.280,002000000028ebce000000f500,32,-1366016,206,62720
2026-10-06 15:51:20.793,52000000beb719770000000000,0,1685438,119,0
2026-10-06 15:51:21.306,00000004010000520000006800,262144,1,82,26624
2026-10-06 15:51:21.824,0000d007cf000000cf00000000,512000,207,52992,0
2026-10-06 15:51:22.340,000000000004010000904fe30b,0,66560,-7340032,779087
2026-10-06 15:51:22.856,00000000000000000300000002,0,0,768,131072
2026-10-06 15:51:23.367,00000068000000ec01cf000000,6815744,0,-3210772,0
2026-10-06 15:51:23.879,00000d0000000000cf005c0000,3328,0,52992,92
2026-10-06 15:51:24.396,00000000000000f5008c17cf00,0,0,-7601931,53015
2026-10-06 15:51:24.914,000000008817cf00c4eace003e,0,-3205240,-1391616,4063438
2026-10-06 15:51:25.431,c7197700000000000000000000,30489,0,0,0
2026-10-06 15:51:25.942,0000b0edce0028ebce003cedce,-1200128,2621646,52971,-3216068
2026-10-06 15:51:26.454,0098bf1977685a251328ebce00,1687448,5924983,2626341,52971
2026-10-06 15:51:26.968,5200000038eece000000000059,0,-3215816,0,5832704
2026-10-06 15:51:27.484,c0197700000000000000000800,30489,0,0,2048
2026-10-06 15:51:28.001,000028ebce00685a2513520008,-1366016,6815950,1254746,524370
2026-10-06 15:51:28.513,02801015770200000000000000,1380480,631,0,0
2026-10-06 15:51:29.026,5200080228ebce008d313cbbb8,133120,-3216600,3247360,-4670660
2026-10-06 15:51:29.540,e9ce00b0edce00bcecce00104c,-5242674,52973,-3216196,4984832
2026-10-06 15:51:30.054,e576096e01cdfeffffff94ebce,7211382,-78591,-1,-3216492
2026-10-06 15:51:30.568,000982a07500000000b8ebce00,-6258167,117,-4718592,52971
2026-10-06 15:51:31.085,0000a00f94ebce001f83a07594,1024000,-3216492,-8184064,-7047776
2026-10-06 15:51:31.599,eece0015010180b0ecce006100,1376462,-8388351,-3216208,24832
2026-10-06 15:51:32.112,7600650061007200630068005c,25856,7471201,25344,6029416
2026-10-06 15:51:32.624,00440065006600610004ecce00,6619204,26112,262241,52972
2026-10-06 15:51:33.139,7460fc000000000000000000c3,64608,0,0,-3997696
2026-10-06 15:51:33.644,80a07594eece0094eece00b8eb,-7047776,52974,-3215724,-1329152
2026-10-06 15:51:34.159,ce000000a00f50ecce003a7fa0,0,5246880,52972,-6258886
2026-10-06 15:51:34.672,7594eece0000000000b0ecce00,-3215724,0,-5242880,52972
2026-10-06 15:51:35.187,2d5aa075b0ecce00a059a07540,7708762,-3216208,5873664,4224416
2026-10-06 15:51:35.689,5aa075480cf5005c3f9175ffff,4748704,62732,-7258276,-139
2026-10-06 15:51:36.201,ffff0000000000000000000000,255,0,0,0
2026-10-06 15:51:36.715,00000000000000000016000000,0,0,1441792,0
2026-10-06 15:51:37.229,d351911b01000000fffffffff0,1806673,1,-256,-983041
2026-10-06 15:51:37.742,4619770000000000000000ff5d,30489,0,0,6160128
2026-10-06 15:51:38.258,00003b0c46a256a26b4a812dbd,801536,5677638,4877218,-4379263
2026-10-06 15:51:38.773,4f053ff0810000000002000000,-1032443,129,131072,0
2026-10-06 15:51:39.288,16000000d451911b0000000000,0,-7253548,27,0
2026-10-06 15:51:39.800,0000000000000000000000a0e7,0,0,0,-1597440
2026-10-06 15:51:40.311,ff000000000001000000000000,0,65536,0,0
2026-10-06 15:51:40.827,00000000000000000000000000,0,0,0,0
2026-10-06 15:51:41.342,0000000000000000d0eece004d,0,0,-1126400,5046478
2026-10-06 15:51:41.852,ec713578ecce00e7fc9d750200,7878001,52972,-6423321,629
2026-10-06 15:51:42.366,0000ffffffff0100000094eece,-256,131071,0,-3215724
2026-10-06 15:51:42.879,00b0ecce0059091b7702000000,-3216208,612608,161563,0
2026-10-06 15:51:43.394,94eece00ccecce00e6878c6e02,52974,-3216180,-7870976,159372
2026-10-06 15:51:43.907,000000e22d0b58ccecce002d88,-1966080,5770029,-3216180,-7852800
2026-10-06 15:51:44.424,8c6ecb000000fae1e018010000,52078,-393216,1630433,1
2026-10-06 15:51:44.936,00010000000100000002000000,1,256,131072,0
2026-10-06 15:51:45.450,cb000000000000000000000094,0,0,0,-7077888
2026-10-06 15:51:45.966,ecce0044edce0044edce00be0c,4456654,52973,-3216060,835072
2026-10-06 15:51:46.477,9d6eeee1e0180000000044edce,-1970578,6368,0,-3216060
2026-10-06 15:51:46.991,006b07e46effffffff50edce00,-1833109,-146,5308415,52973
2026-10-06 15:51:47.504,9d239c6e66e0e018206cfa0000,7248931,-2039706,7086104,250
2026-10-06 15:51:48.017,00000001000000000000000776,65536,0,0,7735040
2026-10-06 15:51:48.531,6d031033876ef0edce0038edce,3346435,-1020281,52973,-3216072
2026-10-06 15:51:49.045,0001000000206cfa0000000000,1,7086080,250,0
2026-10-06 15:51:49.561,0100000000000004206cfa0001,0,0,7086084,65786
2026-10-06 15:51:50.075,00000001000000000000060000,65536,0,0,6
2026-10-06 15:51:50.587,0000206cfa0000000000d8edce,7086080,250,0,-3215912
2026-10-06 15:51:51.102,000000000001000000206cfa00,0,256,2097152,64108
2026-10-06 15:51:51.603,acedce0058e8e46effffffff9d,52973,-1775528,-146,-6422529
2026-10-06 15:51:52.117,239c6e04249c6e0100000094ee,290460,7248932,1,-1141760
2026-10-06 15:51:52.631,ce00000000000000000000ffff,0,0,0,-256
2026-10-06 15:51:53.145,ff8ae0e018206cfa00889c1b04,-2039670,7086104,-7864070,269212
2026-10-06 15:51:53.660,08000000206cfa000100000094,0,-365536,256,-7077888
2026-10-06 15:51:54.172,eece0001000000ffffffff98ee,65742,0,-1,-1140481
2026-10-06 15:51:54.686,ce0001000000000000004401e4,256,0,0,-1834684
2026-10-06 15:51:55.200,6effffff005c9c1b0408000000,-1,-6530048,525339,0
2026-10-06 15:51:55.714,e6e0e0180000003f0000000000,1630432,0,63,0
2026-10-06 15:51:56.217,00000002000000000000000000,131072,0,0,0
2026-10-06 15:51:56.730,00004c00000063000000004304,19456,6488064,0,279296
2026-10-06 15:51:57.246,00004404000000000000558e2f,279552,0,0,3116629
2026-10-06 15:51:57.759,1200040000c0e3b01fc07f04f0,1024,-1851392,-4186192,-1047425
2026-10-06 15:51:58.275,d32b801fc003f8013c801fc003,2064427,-523328,-8373247,245791
2026-10-06 15:51:58.787,f8013c801fc003f8013c801fc0,-8373247,245791,3932664,-4186240
2026-10-06 15:51:59.300,03f8013c801fc003f8013c400b,3932664,-4186240,129027,737340
2026-10-06 15:51:59.814,c003fe014c0000006300000000,130563,76,25344,0
2026-10-06 15:52:00.316,a7040000a70400000000000051,4,1191,0,5308416
2026-10-06 15:52:00.826,116f600004000004f01f01fcf4,24687,4,2093060,-721919
2026-10-06 15:52:01.338,0ae007f0007e000fe007f0007e,-1046560,32256,516111,8257776
2026-10-06 15:52:01.852,000fe007f0007e000fe007f000,516111,8257776,-2093312,61447
2026-10-06 15:52:02.366,7e000fe007f0007e000fe007f0,-2093312,61447,983166,-1046560
2026-10-06 15:52:02.882,0056000ff8074c000000630000,983126,4982776,0,99
2026-10-06 15:52:03.393,0000a7040000a7040000000000,304896,-5832704,4,0
2026-10-06 15:52:03.896,0051116f600004000004f01f01,7278929,262240,262144,73712
2026-10-06 15:52:04.411,fcf40ae007f0007e000fe007f0,-2094348,61447,983166,-1046560
2026-10-06 15:52:04.914,007e000fe007f0007e000fe007,983166,-1046560,32256,516111
2026-10-06 15:52:05.430,f0007e000fe007f0007e000fe0,32256,516111,8257776,-2093312
2026-10-06 15:52:05.943,07f00056000ff8074c00000063,5636336,-520448,19463,6488064
2026-10-06 15:52:06.453,00000000a7040000a704000000,0,1191,304896,0
2026-10-06 15:52:06.967,00000051116f600004000004f0,5308416,6319889,1024,-1047552
2026-10-06 15:52:07.480,1f01fcf40ae007f0007e000fe0,-721919,516106,8257776,-2093312
2026-10-06 15:52:07.994,07f0007e000fe007f0007e000f,8257776,-2093312,61447,983166
2026-10-06 15:52:08.508,e007f0007e000fe007f0007e00,61447,983166,-1046560,32256
2026-10-06 15:52:09.021,0fe007f00056000ff807510000,-1046560,22016,522255,81
2026-10-06 15:52:09.534,0063000000000b0500000b0500,99,720896,5,1291
2026-10-06 15:52:10.035,00000000009dfc6a6800040000,0,-221952,26730,4
2026-10-06 15:52:10.537,04f01f01fcf40ae007f0007e00,73712,718076,-1046560,32256
2026-10-06 15:52:11.039,0fe007f0007e000fe007f0007e,-1046560,32256,516111,8257776
2026-10-06 15:52:11.552,000fe007f0007e000fe007f000,516111,8257776,-2093312,61447
2026-10-06 15:52:12.055,7e000fe007f0007e000fe007f0,-2093312,61447,983166,-1046560
2026-10-06 15:52:12.558,01f0807f510000006300000000,8356080,81,25344,0
2026-10-06 15:52:13.074,0b0500000b050000000000009d,5,1291,0,-6488064
2026-10-06 15:52:13.588,fc6a680004000004f01f01fcf4,26730,4,2093060,-721919
2026-10-06 15:52:14.090,0ae007f0007e000fe007f0007e,-1046560,32256,516111,8257776
2026-10-06 15:52:14.602,000fe007f0007e000fe007f000,516111,8257776,-2093312,61447
2026-10-06 15:52:15.111,7e000fe007f0007e000fe007f0,-2093312,61447,983166,-1046560
2026-10-06 15:52:15.614,007e000fe007f001f0807f5600,983166,-1046560,-8327167,22143
2026-10-06 15:52:16.125,000063000000006f0500006f05,25344,0,1391,356096
2026-10-06 15:52:16.626,0000000000003831c4e2000400,0,3670016,-1915855,1024
2026-10-06 15:52:17.129,0004f01f01fcf40ae007f0007e,2093060,-721919,516106,8257776
2026-10-06 15:52:17.643,000fe007f0007e000fe007f000,516111,8257776,-2093312,61447
2026-10-06 15:52:18.156,7e000fe007f0007e000fe007f0,-2093312,61447,983166,-1046560
2026-10-06 15:52:18.672,007e000fe007f0007e000fe007,983166,-1046560,32256,516111
2026-10-06 15:52:19.185,f0007e000f42001ef00f560000,32256,16911,1044510,86
2026-10-06 15:52:19.700,0063000000006f0500006f0500,99,7274496,5,1391
2026-10-06 15:52:20.212,00000000003831c4e200040000,0,3225600,58052,4
2026-10-06 15:52:20.726,04f01f01fcf40ae007f0007e00,73712,718076,-1046560,32256
2026-10-06 15:52:21.240,0fe007f0007e000fe007f0007e,-1046560,32256,516111,8257776
2026-10-06 15:52:21.757,000fe007f0007e000fe007f000,516111,8257776,-2093312,61447
2026-10-06 15:52:22.271,7e000fe007f0007e000fe007f0,-2093312,61447,983166,-1046560
2026-10-06 15:52:22.783,007e000f42001ef00f5a000000,983166,1966146,5902320,0
2026-10-06 15:52:23.299,6300000000d3050000d3050000,0,381696,-2949120,5
2026-10-06 15:52:23.812,000000003433a2bf0004000004,0,-6147276,262335,262144
2026-10-06 15:52:24.327,f01f01fcf40ae007f0007e000f,-261857,-2094348,61447,983166
2026-10-06 15:52:24.839,e007f0007e000fe007f0007e00,61447,983166,-1046560,32256
2026-10-06 15:52:25.353,0fe007f0007e000fe007f0007e,-1046560,32256,516111,8257776
2026-10-06 15:52:25.859,000fe007f0007e000fe007f000,516111,8257776,-2093312,61447
2026-10-06 15:52:26.374,7e000fe007f040128007fc035a,-2093312,4255751,491538,5899260
2026-10-06 15:52:26.887,0000006300000000d3050000d3,6488064,0,381696,-2949120
2026-10-06 15:52:27.402,050000000000003433a2bf0004,0,0,-6147276,262335
2026-10-06 15:52:27.917,000004f01f01fcf40ae007f000,-1047552,-261857,-2094348,61447
2026-10-06 15:52:28.429,7e000fe007f0007e000fe007f0,-2093312,61447,983166,-1046560
2026-10-06 15:52:28.941,007e000fe007f0007e000fe007,983166,-1046560,32256,516111
2026-10-06 15:52:29.456,f0007e000fe007f0007e000fe0,32256,516111,8257776,-2093312
2026-10-06 15:52:29.972,07f0007e000fe007f040128007,8257776,-2093312,4255751,491538
2026-10-06 15:52:30.484,fc035d00000063000000003706,23811,6488064,0,407296
2026-10-06 15:52:30.997,000037060000000000001a45e8,407296,0,0,-1555174
2026-10-06 15:52:31.515,6d0004000004f01f01fcf40ae0,1024,-1047552,-261857,-2094348
2026-10-06 15:52:32.030,07f0007e000fe007f0007e000f,8257776,-2093312,61447,983166
2026-10-06 15:52:32.544,e007f0007e000fe007f0007e00,61447,983166,-1046560,32256
2026-10-06 15:52:33.058,0fe007f0007e000fe007f0007e,-1046560,32256,516111,8257776
2026-10-06 15:52:33.574,000fe007f0007e000fe007f000,516111,8257776,-2093312,61447
2026-10-06 15:52:34.090,7e000fc40378c03f5d00000063,-3928320,-4163581,23871,6488064
2026-10-06 15:52:34.605,00000000370600003706000000,0,1591,407296,0
2026-10-06 15:52:35.108,0000001a45e86d0004000004f0,1703936,7202885,1024,-1047552
2026-10-06 15:52:35.623,1f01fcf40ae007f0007e000fe0,-721919,516106,8257776,-2093312
2026-10-06 15:52:36.136,07f0007e000fe007f0007e000f,8257776,-2093312,61447,983166
2026-10-06 15:52:36.652,e007f0007e000fe007f0007e00,61447,983166,-1046560,32256
2026-10-06 15:52:37.165,0fe007f0007e000fe007f0007e,-1046560,32256,516111,8257776
2026-10-06 15:52:37.669,000fe007f0007e000fc40378c0,516111,8257776,-3928320,-4163581
2026-10-06 15:52:38.185,3f6100000063000000009b0600,97,25344,0,1691
2026-10-06 15:52:38.698,009b060000000000007512d959,1691,0,7667712,5888274
2026-10-06 15:52:39.211,0004000004f01f01fcf40ae007,4,2093060,-721919,516106
2026-10-06 15:52:39.726,f0007e000fe007f0007e000fe0,32256,516111,8257776,-2093312
2026-10-06 15:52:40.239,07f0007e000fe007f0007e000f,8257776,-2093312,61447,983166
2026-10-06 15:52:40.754,e007f0007e000fe007f0007e00,61447,983166,-1046560,32256
2026-10-06 15:52:41.255,0fe007f0007e000fe007f0007e,-1046560,32256,516111,8257776
2026-10-06 15:52:41.769,000fe007f00026000ff8076100,516111,2490608,-520448,24839
2026-10-06 15:52:42.282,000063000000009b0600009b06,25344,0,1691,432896
2026-10-06 15:52:42.792,0000000000007512d959000400,0,7667712,5888274,1024
2026-10-06 15:52:43.305,0004f01f01fcf40ae007f0007e,2093060,-721919,516106,8257776
2026-10-06 15:52:43.816,000fe007f0007e000fe007f000,516111,8257776,-2093312,61447
2026-10-06 15:52:44.318,7e000fe007f0007e000fe007f0,-2093312,61447,983166,-1046560
2026-10-06 15:52:44.832,007e000fe007f0007e000fe007,983166,-1046560,32256,516111
2026-10-06 15:52:45.348,f0007e000fe007f0007e000fe0,32256,516111,8257776,-2093312
2026-10-06 15:52:45.860,07f00026000ff8076400000063,2490608,-520448,25607,6488064
2026-10-06 15:52:46.372,00000000ff060000ff06000000,0,1791,458496,0
2026-10-06 15:52:46.884,000000962af8e50004000004f0,-6946816,-1705942,1024,-1047552
2026-10-06 15:52:47.397,1f01fcf40ae007f0007e000fe0,-721919,516106,8257776,-2093312
2026-10-06 15:52:47.900,07f0007e000fe007f0007e000f,8257776,-2093312,61447,983166
2026-10-06 15:52:48.411,e007f0007e000fe007f0007e00,61447,983166,-1046560,32256
2026-10-06 15:52:48.924,0fe007f0007e000fe007f0007e,-1046560,32256,516111,8257776
2026-10-06 15:52:49.438,000fe007f0007e000fe007f000,516111,8257776,-2093312,61447
2026-10-06 15:52:49.952,7e000f0005f0807f6400000063,3840,-8327163,25727,6488064
2026-10-06 15:52:50.469,00000000ff060000ff06000000,0,1791,458496,0
2026-10-06 15:52:50.982,000000962af8e50004000004f0,-6946816,-1705942,1024,-1047552
2026-10-06 15:52:51.495,1f01fcf40ae007f0007e000fe0,-721919,516106,8257776,-2093312
2026-10-06 15:52:52.009,07f0007e000fe007f0007e000f,8257776,-2093312,61447,983166
2026-10-06 15:52:52.526,e007f0007e000fe007f0007e00,61447,983166,-1046560,32256
2026-10-06 15:52:53.039,0fe007f0007e000fe007f0007e,-1046560,32256,516111,8257776
2026-10-06 15:52:53.551,000fe007f0007e000fe007f000,516111,8257776,-2093312,61447
2026-10-06 15:52:54.064,7e000f0005f0807f6800000063,3840,-8327163,26751,6488064
2026-10-06 15:52:54.581,00000000630700006307000000,0,1891,484096,0
2026-10-06 15:52:55.084,0000008426b2320004000004f0,-8126464,3322406,1024,-1047552
2026-10-06 15:52:55.599,1f01fcf40ae007f0007e000fe0,-721919,516106,8257776,-2093312
2026-10-06 15:52:56.113,07f0007e000fe007f0007e000f,8257776,-2093312,61447,983166
2026-10-06 15:52:56.625,e007f0007e000fe007f0007e00,61447,983166,-1046560,32256
2026-10-06 15:52:57.138,0fe007f0007e000fe007f0007e,-1046560,32256,516111,8257776
2026-10-06 15:52:57.651,000fe007f0007e000fe007f000,516111,8257776,-2093312,61447
2026-10-06 15:52:58.166,7e000fe007f0007a000ff80768,-2093312,61447,983162,6817784
2026-10-06 15:52:58.681,00000063000000006307000063,6488064,0,484096,6488064
2026-10-06 15:52:59.195,070000000000008426b2320004,0,0,-5101948,262194
2026-10-06 15:52:59.710,000004f01f01fcf40ae007f000,-1047552,-261857,-2094348,61447
2026-10-06 15:53:00.224,7e000fe007f0007e000fe007f0,-2093312,61447,983166,-1046560
2026-10-06 15:53:00.739,007e000fe007f0007e000fe007,983166,-1046560,32256,516111
2026-10-06 15:53:01.253,f0007e000fe007f0007e000fe0,32256,516111,8257776,-2093312
2026-10-06 15:53:01.765,07f0007e000fe007f0007e000f,8257776,-2093312,61447,983166
2026-10-06 15:53:02.278,e007f0007e000fe007f0007a00,61447,983166,-1046560,31232
2026-10-06 15:53:02.794,0ff8076e0000006300000000c7,7211000,0,99,-3735552
2026-10-06 15:53:03.307,070000c70700000000000002bd,-3735552,7,0,-4390400
2026-10-06 15:53:03.822,44100004000004f01f01fcf40a,262160,262144,73712,718076
2026-10-06 15:53:04.335,e007f0007e000fe007f0007e00,61447,983166,-1046560,32256
2026-10-06 15:53:04.850,0fe007f0007e000fe007f0007e,-1046560,32256,516111,8257776
2026-10-06 15:53:05.362,000fe007f0007e000fe007f000,516111,8257776,-2093312,61447
2026-10-06 15:53:05.872,7e000fe007f0007e000fe007f0,-2093312,61447,983166,-1046560
2026-10-06 15:53:06.384,007e000fe007f0007e000fe007,983166,-1046560,32256,516111
2026-10-06 15:53:06.900,f0007e000fe007f02001e001ff,32256,516111,73968,-65056
2026-10-06 15:53:07.415,6e0000006300000000c7070000,0,99,-3735552,7
2026-10-06 15:53:07.928,c70700000000000002bd441000,7,0,-4390400,4164
2026-10-06 15:53:08.440,04000004f01f01fcf40ae007f0,262144,73712,718076,-1046560
2026-10-06 15:53:08.954,007e000fe007f0007e000fe007,983166,-1046560,32256,516111
2026-10-06 15:53:09.469,f0007e000fe007f0007e000fe0,32256,516111,8257776,-2093312
2026-10-06 15:53:09.984,07f0007e000fe007f0007e000f,8257776,-2093312,61447,983166
2026-10-06 15:53:10.498,e007f0007e000fe007f0007e00,61447,983166,-1046560,32256
2026-10-06 15:53:11.014,0fe007f0007e000fe007f0007e,-1046560,32256,516111,8257776
2026-10-06 15:53:11.527,000fe007f02001e001ff1e0000,516111,73968,-65056,30
2026-10-06 15:53:12.037,0063000000002b0000002b0000,99,2818048,0,43
2026-10-06 15:53:12.550,00000000009abf69ae00040000,0,-4220416,44649,4
2026-10-06 15:53:13.064,04e28f807f1e00000063000000,-8351774,7807,6488064,0
2026-10-06 15:53:13.576,002b0000002b00000000000000,43,11008,0,0
2026-10-06 15:53:14.089,9abf69ae0004000004e28f807f,-5346881,1024,-1965056,8355983
2026-10-06 15:53:14.602,2100000063000000008f000000,0,99,-7405568,0
2026-10-06 15:53:15.115,8f0000000000000070a4759c00,0,0,-6000640,40053
2026-10-06 15:53:15.627,04000004f01f014c47c03f2100,262144,73712,-4176052,8511
2026-10-06 15:53:16.142,000063000000008f0000008f00,25344,0,143,36608
2026-10-06 15:53:16.654,00000000000070a4759c000400,0,7340032,-6523484,1024
2026-10-06 15:53:17.171,0004f01f014c47c03f25000000,2093060,4672513,2441152,0
2026-10-06 15:53:17.688,6300000000f3000000f3000000,0,62208,-851968,0
2026-10-06 15:53:18.199,00000000128231ac0004000004,0,3244562,262316,262144
2026-10-06 15:53:18.717,f01f01fcf40a0005f0807f2500,-261857,2804,-8327163,9599
2026-10-06 15:53:19.231,00006300000000f3000000f300,25344,0,243,62208
2026-10-06 15:53:19.745,000000000000128231ac000400,0,1179648,-5492350,1024
2026-10-06 15:53:20.259,0004f01f01fcf40a0005f0807f,2093060,-721919,327690,8356080
2026-10-06 15:53:20.771,29000000630000000057010000,0,99,5701632,1
2026-10-06 15:53:21.274,570100000000000096959e7300,1,0,-6973952,29598
2026-10-06 15:53:21.776,04000004f01f01fcf40ae007f0,262144,73712,718076,-1046560
2026-10-06 15:53:22.289,007a000ff8072f000000630000,983162,3082232,0,99
2026-10-06 15:53:22.804,0000bc010000bc010000000000,113664,-4456448,1,0
2026-10-06 15:53:23.306,001811102a0004000004f01f01,1052952,262186,262144,73712
2026-10-06 15:53:23.820,fcf40ae007f0007e000fe007f0,-2094348,61447,983166,-1046560
2026-10-06 15:53:24.335,a002e001ff2f00000063000000,122882,12287,6488064,0
2026-10-06 15:53:24.845,00bc010000bc01000000000000,444,113664,0,0
2026-10-06 15:53:25.358,1811102a0004000004f01f01fc,2756625,1024,-1047552,-261857
2026-10-06 15:53:25.873,f40ae007f0007e000fe007f0a0,516106,8257776,-2093312,-6230009
2026-10-06 15:53:26.388,02e001ff330000006300000000,-65056,51,25344,0
2026-10-06 15:53:26.889,1f0200001f02000000000000b2,2,543,0,-5111808
2026-10-06 15:53:27.401,31a1b20004000004f01f01fcf4,45729,4,2093060,-721919
2026-10-06 15:53:27.904,0ae007f0007e000fe007f0007e,-1046560,32256,516111,8257776
2026-10-06 15:53:28.418,000fc40078c03f330000006300,50191,4178040,51,25344
2026-10-06 15:53:28.931,0000001f0200001f0200000000,2031616,2,543,0
2026-10-06 15:53:29.445,0000b231a1b20004000004f01f,3256832,45729,4,2093060
2026-10-06 15:53:29.960,01fcf40ae007f0007e000fe007,718076,-1046560,32256,516111
2026-10-06 15:53:30.474,f0007e000fc40078c03f370000,32256,50191,4178040,55
2026-10-06 15:53:30.991,00630000000084020000840200,99,-8126464,2,644
2026-10-06 15:53:31.500,00000000000f6043cc00040000,0,6295296,52291,4
2026-10-06 15:53:32.013,04f01f01fcf40ae007f0007e00,73712,718076,-1046560,32256
2026-10-06 15:53:32.527,0fe007f0007e000fe007f04039,-1046560,32256,516111,3752176
2026-10-06 15:53:33.039,8007fc03370000006300000000,261127,55,25344,0
2026-10-06 15:53:33.554,8402000084020000000000000f,2,644,0,983040
2026-10-06 15:53:34.070,6043cc0004000004f01f01fcf4,52291,4,2093060,-721919
2026-10-06 15:53:34.579,0ae007f0007e000fe007f0007e,-1046560,32256,516111,8257776
2026-10-06 15:53:35.095,000fe007f040398007fc033a00,516111,3752176,-260224,14851
2026-10-06 15:53:35.607,00006300000000e8020000e802,25344,0,744,190464
2026-10-06 15:53:36.123,000000000000ff39aaee000400,0,-65536,-1136071,1024
2026-10-06 15:53:36.636,0004f01f01fcf40ae007f0007e,2093060,-721919,516106,8257776
2026-10-06 15:53:37.153,000fe007f0007e000fe007f000,516111,8257776,-2093312,61447
2026-10-06 15:53:37.663,7e000f3002f0807f3a00000063,3149568,-8327166,14975,6488064
2026-10-06 15:53:38.180,00000000e8020000e802000000,0,744,190464,0
2026-10-06 15:53:38.683,000000ff39aaee0004000004f0,-65536,-1136071,1024,-1047552
2026-10-06 15:53:39.198,1f01fcf40ae007f0007e000fe0,-721919,516106,8257776,-2093312
2026-10-06 15:53:39.709,07f0007e000fe007f0007e000f,8257776,-2093312,61447,983166
2026-10-06 15:53:40.222,3002f0807f3e00000063000000,-8327166,15999,6488064,0
2026-10-06 15:53:40.725,004c0300004c03000000000000,844,216064,0,0
2026-10-06 15:53:41.226,b13ba3fb0004000004f01f01fc,-285893,1024,-1047552,-261857
2026-10-06 15:53:41.739,f40ae007f0007e000fe007f000,516106,8257776,-2093312,61447
2026-10-06 15:53:42.250,7e000fe007f0007e000fe007f0,-2093312,61447,983166,-1046560
2026-10-06 15:53:42.763,004d000ff8073e000000630000,983117,4065272,0,99
2026-10-06 15:53:43.277,00004c0300004c030000000000,216064,4980736,3,0
2026-10-06 15:53:43.779,00b13ba3fb0004000004f01f01,-6079567,262395,262144,73712
2026-10-06 15:53:44.292,fcf40ae007f0007e000fe007f0,-2094348,61447,983166,-1046560
2026-10-06 15:53:44.806,007e000fe007f0007e000fe007,983166,-1046560,32256,516111
2026-10-06 15:53:45.317,f0004d000ff807410000006300,19712,522255,65,25344
2026-10-06 15:53:45.829,000000b0030000b00300000000,-5242880,3,944,0
2026-10-06 15:53:46.331,000086e3f6490004000004f01f,-1866240,18934,4,2093060
2026-10-06 15:53:46.844,01fcf40ae007f0007e000fe007,718076,-1046560,32256,516111
2026-10-06 15:53:47.357,f0007e000fe007f0007e000fe0,32256,516111,8257776,-2093312
2026-10-06 15:53:47.870,07f0007e000f7007f0807f4100,8257776,7343872,-8327161,16767
2026-10-06 15:53:48.385,00006300000000b0030000b003,25344,0,944,241664
2026-10-06 15:53:48.898,00000000000086e3f649000400,0,-7995392,4847331,1024
2026-10-06 15:53:49.412,0004f01f01fcf40ae007f0007e,2093060,-721919,516106,8257776
2026-10-06 15:53:49.927,000fe007f0007e000fe007f000,516111,8257776,-2093312,61447
2026-10-06 15:53:50.438,7e000fe007f0007e000f7007f0,-2093312,61447,983166,-1046672
2026-10-06 15:53:50.949,807f4800000063000000001404,18559,6488064,0,267264
2026-10-06 15:53:51.465,00001404000000000000d22a7a,267264,0,0,8006354
2026-10-06 15:53:51.978,2a0004000004f01f01fcf40ae0,1024,-1047552,-261857,-2094348
2026-10-06 15:53:52.495,07f0007e000fe007f0007e000f,8257776,-2093312,61447,983166
2026-10-06 15:53:53.007,e007f0007e000fe007f0007e00,61447,983166,-1046560,32256
2026-10-06 15:53:53.521,0fe007f0007e000f79000ff807,-1046560,32256,30991,522255
2026-10-06 15:53:54.037,48000000630000000014040000,0,99,1310720,4
2026-10-06 15:53:54.548,1404000000000000d22a7a2a00,4,0,2806272,10874
2026-10-06 15:53:55.063,04000004f01f01fcf40ae007f0,262144,73712,718076,-1046560
2026-10-06 15:53:55.577,007e000fe007f0007e000fe007,983166,-1046560,32256,516111
2026-10-06 15:53:56.091,f0007e000fe007f0007e000fe0,32256,516111,8257776,-2093312
2026-10-06 15:53:56.603,07f0007e000f79000ff8076a00,8257776,7933696,-520448,27143
2026-10-06 15:53:57.118,00006300000000770400007704,25344,0,1143,292608
2026-10-06 15:53:57.631,0000000000006a4b383b000400,0,6946816,3881035,1024
2026-10-06 15:53:58.146,0004f01f01fcf40ae007f0007e,2093060,-721919,516106,8257776
2026-10-06 15:53:58.660,000fe007f0007e000fe007f000,516111,8257776,-2093312,61447
2026-10-06 15:53:59.174,7e000fe007f0007e000fe007f0,-2093312,61447,983166,-1046560
2026-10-06 15:53:59.687,007e000fe007f0207760773497,983166,-1046560,6321952,-6867849
2026-10-06 15:54:00.189,1245fb1800d82034974c437351,1637189,2152448,5019444,5337923
2026-10-06 15:54:00.704,033497103e7399b2d37d7ab6d3,1087284,-6720706,8246194,-2902406
2026-10-06 15:54:01.219,0020e01f6a0000006300000000,2088992,106,25344,0
2026-10-06 15:54:01.734,7704000077040000000000006a,4,1143,0,6946816
2026-10-06 15:54:02.246,4b383b0004000004f01f01fcf4,15160,4,2093060,-721919
2026-10-06 15:54:02.761,0ae007f0007e000fe007f0007e,-1046560,32256,516111,8257776
2026-10-06 15:54:03.275,000fe007f0007e000fe007f000,516111,8257776,-2093312,61447
