Timestamp,Bytes_Hex,Int_Bytes_4_8,Float_Bytes_4_8,Float_Bytes_8_12
2026-10-06 15:34:45.956,18b2b2b1b2b2a518b2b2b2b2a5,413512370,4.283193648961669e-24,-2.08031885051696e-08
2026-10-06 15:34:46.473,18b2b2b3b2b268a118b2b20102,-1586974030,-7.884115878208564e-19,6.564242526283173e-38
2026-10-06 15:34:46.986,03040506a318b2b2b1b2b2a518,-1296951133,-2.0733130767780494e-08,-3.099916387917513e-16
2026-10-06 15:34:47.500,b2b2b3b2b2a518b2b2b268a618,-1307007566,-8.885239211053886e-09,-8.073334659285569e-16
2026-10-06 15:34:48.014,b2010203040506a318b2b2b2b1,-1559886588,-7.265216655559398e-18,-2.0802914946216333e-08
2026-10-06 15:34:48.527,a518b2b2b2b3a518b2b268b267,413512626,4.2832946231575374e-24,-1.354480794191204e-08
2026-10-06 15:34:49.039,b3a3b1b3b168ffffffffffffff,-38735,nan,nan
2026-10-06 15:34:49.551,ffffffffffffffffffffffffff,-1,nan,nan
2026-10-06 15:34:50.065,ffffffffffffffffffffffffff,-1,nan,nan
2026-10-06 15:34:50.577,ffffffffffffffffffffffffff,-1,nan,nan
2026-10-06 15:34:51.093,ffffffffffffffffffffffffff,-1,nan,nan
2026-10-06 15:34:51.607,ffffffffffffffffffffffffff,-1,nan,nan
2026-10-06 15:34:52.117,ffffffffffffffffffffffffff,-1,nan,nan
2026-10-06 15:34:52.629,ffffffffffffffffffffffffff,-1,nan,nan
2026-10-06 15:34:53.143,ffffffffffffffffffffffffff,-1,nan,nan
2026-10-06 15:34:53.660,ffffffffffffffffffffffffff,-1,nan,nan
2026-10-06 15:34:54.175,ffffffffffffffffffffffffff,-1,nan,nan
2026-10-06 15:34:54.685,ffffffffffffffffffffffffff,-1,nan,nan
2026-10-06 15:34:55.199,ffffffffffffffffffffffffff,-1,nan,nan
2026-10-06 15:34:55.715,ffffffffffffffffffffffffff,-1,nan,nan
2026-10-06 15:34:56.229,ffffffffffffffffffffffffff,-1,nan,nan
2026-10-06 15:34:56.743,ffffffffffffffffffffffffff,-1,nan,nan
2026-10-06 15:34:57.257,ffffffffffffffffffffffffff,-1,nan,nan
2026-10-06 15:34:57.769,ffffffffffffffffffffffffff,-1,nan,nan
2026-10-06 15:34:58.280,ffffffffffffffffffffffffff,-1,nan,nan
2026-10-06 15:34:58.792,ffffffffffffffffffffffffff,-1,nan,nan
2026-10-06 15:34:59.295,ffffffffffffffffffffffffff,-1,nan,nan
2026-10-06 15:34:59.806,ffffffffffffffffffffffffff,-1,nan,nan
2026-10-06 15:35:00.323,ffffffffffffffffffffffffff,-1,nan,nan
2026-10-06 15:35:00.835,ffffffffffffffffffffffffff,-1,nan,nan
2026-10-06 15:35:01.348,ffffffffffffffffffffffffff,-1,nan,nan
2026-10-06 15:35:01.861,ffffffffffffffffffffffffff,-1,nan,nan
2026-10-06 15:35:02.373,ffffffffffffffffffffffffff,-1,nan,nan
2026-10-06 15:35:02.888,ffffffffffffffffffffffffff,-1,nan,nan
2026-10-06 15:35:03.403,ffffffffffffffffffffffffff,-1,nan,nan
2026-10-06 15:35:03.916,ffffffffffffffffffffffffff,-1,nan,nan
2026-10-06 15:35:04.429,ffffffffffffffffffffffffff,-1,nan,nan
2026-10-06 15:35:04.941,ffffffffffffffffffffffffff,-1,nan,nan
2026-10-06 15:35:05.456,ffffffffffffffffffffffffff,-1,nan,nan
2026-10-06 15:35:05.971,ffffffffffffffffffffffffff,-1,nan,nan
2026-10-06 15:35:06.485,ffffffffffffffffffffffffff,-1,nan,nan
2026-10-06 15:35:06.997,ffffffffffffffffffffffffff,-1,nan,nan
2026-10-06 15:35:07.512,ffffffffffffffffffffffffff,-1,nan,nan
2026-10-06 15:35:08.023,ffffffffffffffffffffffffff,-1,nan,nan
2026-10-06 15:35:08.536,ffffffffffffffffffffffffff,-1,nan,nan
2026-10-06 15:35:09.049,ffffffffffffffffffffffffff,-1,nan,nan
2026-10-06 15:35:09.564,ffffffffffffffffffffffffff,-1,nan,nan
2026-10-06 15:35:10.077,ffffffffffffffffffffffffff,-1,nan,nan
2026-10-06 15:35:10.590,ffffffffffffffffffffffffff,-1,nan,nan
2026-10-06 15:35:11.102,ffffffffffffffffffffffffff,-1,nan,nan
2026-10-06 15:35:11.615,ffffffffffffffffffffffffff,-1,nan,nan
2026-10-06 15:35:12.128,ffffffffffffffffffffffffff,-1,nan,nan
2026-10-06 15:35:12.629,ffffffffffffffffffffffffff,-1,nan,nan
2026-10-06 15:35:13.142,ffffffffffffffffffffffffff,-1,nan,nan
2026-10-06 15:35:13.657,ffffffffffffffffffffffffff,-1,nan,nan
2026-10-06 15:35:14.171,ffffffffffffffffffffffffff,-1,nan,nan
2026-10-06 15:35:14.686,ffffffffffffffffffffffffff,-1,nan,nan
2026-10-06 15:35:15.200,ffffffffffffffffffffffffff,-1,nan,nan
2026-10-06 15:35:15.715,ffffffffffffffffffffffffff,-1,nan,nan
2026-10-06 15:35:16.230,ffffffffffffffffffffffffff,-1,nan,nan
2026-10-06 15:35:16.745,ffffffffffffffffffffffffff,-1,nan,nan
2026-10-06 15:35:17.256,ffffffffffffffffffffffffff,-1,nan,nan
2026-10-06 15:35:17.769,ffffffffffffffffffffffffff,-1,nan,nan
2026-10-06 15:35:18.280,ffffffffffffffffffffffffff,-1,nan,nan
2026-10-06 15:35:18.796,ffffffffffffffffffffffffff,-1,nan,nan
2026-10-06 15:35:19.309,ffffffffffffffffffffffffff,-1,nan,nan
2026-10-06 15:35:19.822,ffffffffffffffffffffffffff,-1,nan,nan
2026-10-06 15:35:20.336,ffffffffffffffffffffffffff,-1,nan,nan
2026-10-06 15:35:20.848,ffffffffffffffffffffffffff,-1,nan,nan
2026-10-06 15:35:21.364,ffffffffffffffffffffffffff,-1,nan,nan
2026-10-06 15:35:21.877,ffffffffffffffffffffffffff,-1,nan,nan
2026-10-06 15:35:22.388,ffffffffffffffffffffffffff,-1,nan,nan
2026-10-06 15:35:22.896,ffffffffffffffffffffffffff,-1,nan,nan
2026-10-06 15:35:23.408,ffffffffffffffffffffffffff,-1,nan,nan
2026-10-06 15:35:23.922,ffffffffffffffffffffffffff,-1,nan,nan
2026-10-06 15:35:24.433,ffffffffffffffffffffffffff,-1,nan,nan
2026-10-06 15:35:24.948,ffffffffffffffffffffffffff,-1,nan,nan
2026-10-06 15:35:25.462,ffffffffffffffffffffffffff,-1,nan,nan
2026-10-06 15:35:25.977,ffffffffffffffffffffffffff,-1,nan,nan
2026-10-06 15:35:26.489,ffffffffffffffffffffffffff,-1,nan,nan
2026-10-06 15:35:27.004,ffffffffffffffffffffffffff,-1,nan,nan
2026-10-06 15:35:27.515,ffffffffffffffffffffffffff,-1,nan,nan
2026-10-06 15:35:28.030,ffffffffffffffffffffffffff,-1,nan,nan
2026-10-06 15:35:28.545,ffffffffffffffffffffffffff,-1,nan,nan
2026-10-06 15:35:29.060,ffffffffffffffffffffffffff,-1,nan,nan
2026-10-06 15:35:29.575,ffffffffffffffffffffffffff,-1,nan,nan
2026-10-06 15:35:30.085,ffffffffffffffffffffffffff,-1,nan,nan
2026-10-06 15:35:30.601,ffffffffffffffffffffffffff,-1,nan,nan
2026-10-06 15:35:31.118,ffffffffffffffffffffffffff,-1,nan,nan
2026-10-06 15:35:31.630,ffffffffffffffffffffffffff,-1,nan,nan
2026-10-06 15:35:32.145,ffffffffffffffffffffffffff,-1,nan,nan
2026-10-06 15:35:32.659,ffffffffffffffffffffffffff,-1,nan,nan
2026-10-06 15:35:33.173,ffffffffffffffffffffffffff,-1,nan,nan
2026-10-06 15:35:33.687,ffffffffffffffffffffffffff,-1,nan,nan
2026-10-06 15:35:34.198,ffffffffffffffffffffffffff,-1,nan,nan
2026-10-06 15:35:34.714,ffffffffffffffffffffffffff,-1,nan,nan
2026-10-06 15:35:35.226,ffffffffffffffffffffffffff,-1,nan,nan
2026-10-06 15:35:35.728,ffffffffffffffffffffffffff,-1,nan,nan
2026-10-06 15:35:36.231,ffffffffffffffffffffffffff,-1,nan,nan
2026-10-06 15:35:36.746,ffffffffffffffffffffffffff,-1,nan,nan
2026-10-06 15:35:37.261,ffffffffffffffffffffffffff,-1,nan,nan
2026-10-06 15:35:37.775,ffffffffffffffffffffffffff,-1,nan,nan
2026-10-06 15:35:38.288,ffffffffffffffffffffffffff,-1,nan,nan
2026-10-06 15:35:38.801,ffffffffffffffffffffffffff,-1,nan,nan
2026-10-06 15:35:39.316,ffffffffffffffffffffffffff,-1,nan,nan
2026-10-06 15:35:39.830,ffffffffffffffffffffffffff,-1,nan,nan
2026-10-06 15:35:40.341,ffffffffffffffffffffffffff,-1,nan,nan
2026-10-06 15:35:40.858,ffffffffffffffffffffffffff,-1,nan,nan
2026-10-06 15:35:41.375,ffffffffffffffffffffffffff,-1,nan,nan
2026-10-06 15:35:41.888,ffffffffffffffffffffffffff,-1,nan,nan
2026-10-06 15:35:42.400,ffffffffffffffffffffffffff,-1,nan,nan
2026-10-06 15:35:42.913,ffffffffffffffffffffffffff,-1,nan,nan
2026-10-06 15:35:43.426,ffffffffffffffffffffffffff,-1,nan,nan
2026-10-06 15:35:43.938,ffffffffffffffffffffffffff,-1,nan,nan
2026-10-06 15:35:44.451,ffffffffffffffffffffffffff,-1,nan,nan
2026-10-06 15:35:44.966,ffffffffffffffffffffffffff,-1,nan,nan
2026-10-06 15:35:45.479,ffffffffffffffffffffffffff,-1,nan,nan
2026-10-06 15:35:45.991,ffffffffffffffffffffffffff,-1,nan,nan
2026-10-06 15:35:46.504,ffffffffffffffffffffffffff,-1,nan,nan
2026-10-06 15:35:47.019,ffffffffffffffffffffffffff,-1,nan,nan
2026-10-06 15:35:47.532,ffffffffffffffffffffffffff,-1,nan,nan
2026-10-06 15:35:48.046,ffffffffffffffffffffffffff,-1,nan,nan
2026-10-06 15:35:48.557,ffffffffffffffffffffffffff,-1,nan,nan
2026-10-06 15:35:49.065,ffffffffffffffffffffffffff,-1,nan,nan
2026-10-06 15:35:49.579,ffffffffffffffffffffffffff,-1,nan,nan
2026-10-06 15:35:50.092,ffffffffffffffffffffffffff,-1,nan,nan
2026-10-06 15:35:50.608,ffffffffffffffffffffffffff,-1,nan,nan
2026-10-06 15:35:51.121,ff0300000000000000000000d7,0,0.0,0.0
2026-10-06 15:35:51.633,2300000000000080bf000080bf,-2147483648,-0.0,-2.6764800668604006e-43
2026-10-06 15:35:52.149,000080bf000080bf0000000000,-1082130432,-1.0,0.0
2026-10-06 15:35:52.661,00000000000000cdcc4c3fcdcc,-855638016,-134217728.0,-200592576.0
2026-10-06 15:35:53.175,4c3f1e0000001e0000001e0000,1966080,2.7550648847397363e-39,2.7550648847397363e-39
2026-10-06 15:35:53.692,00000000000200000001000000,512,7.174648137343064e-43,3.587324068671532e-43
2026-10-06 15:35:54.206,30204843494d302e4344462020,774917449,4.0086409885953245e-11,1.6793838263766966e-19
2026-10-06 15:35:54.718,20204431303157333052333056,861352240,5.0103324156225426e-08,6.523661610913223e-10
2026-10-06 15:35:55.233,333046773e7854547475766263,1414821950,3650201583616.0,1.1365906079330714e+21
2026-10-06 15:35:55.749,644c7854545054544678545454,1414811732,3647522996224.0,3650203680768.0
2026-10-06 15:35:56.264,54467854544d5454773e785454,1414810964,3647321669632.0,4264799502336.0
2026-10-06 15:35:56.776,7475766263644c785454505454,2018272355,1.6582260057649358e+34,3579071954944.0
2026-10-06 15:35:57.285,467854544d5454467854545477,1179931725,13589.0751953125,3647800868864.0
2026-10-06 15:35:57.800,3d78547475766263644c785454,1667397237,4.1774998893271093e+21,4265734045696.0
2026-10-06 15:35:58.310,545046785454544d4678545477,1297372244,222643520.0,3650203680768.0
2026-10-06 15:35:58.825,547c4d4c504d50772e20202020,2001751376,4.2248665248739315e+33,1.3563174521516011e-19
2026-10-06 15:35:59.337,20202020202020202020202020,538976288,1.3563156426940112e-19,1.3563156426940112e-19
2026-10-06 15:35:59.852,202020202031370a006250756d,171389216,8.820368881169067e-33,2.641565973428716e+32
2026-10-06 15:36:00.354,70734f6e496e6974203d203335,1953066569,7.397717387395508e+31,3.730849584826501e-08
2026-10-06 15:36:00.870,0d0a4262526174654c696d6974,1702125906,7.21282915448784e+22,1.7938291855119877e+25
2026-10-06 15:36:01.382,496e6974203d2034300d0a4262,874528032,1.4923398339306004e-07,34.51287841796875
2026-10-06 15:36:01.895,506572526174654368616e6765,1130722401,229.45460510253906,1.1257200510879053e+24
2026-10-06 15:36:02.408,496e6974203d20313030300d0a,824196384,2.331780990516563e-09,5.429219082719154e-31
2026-10-06 15:36:02.921,4262506572526174654368616e,1952535154,7.140740861623305e+31,2.677813070546128e+20
2026-10-06 15:36:03.436,67655265696e6974203d203130,1953066601,7.397732861645999e+31,2.331780990516563e-09
2026-10-06 15:36:03.952,30300d0a4e6f74636846696c74,1668575054,4.509025901971524e+21,1.1280488003415726e+27
2026-10-06 15:36:04.465,657242616e647769647468203d,1769432174,1.869243395218428e+25,1.968967480369294e-19
2026-10-06 15:36:04.981,2032300d0a50756d705f4e756d,1836404746,4.7450367934664713e+27,2.6160860725701245e+32
2026-10-06 15:36:05.494,6265725f466f725f4469676974,1601335110,1.7469258445407388e+19,1.7484935449392354e+25
2026-10-06 15:36:06.009,616c5f4f75747075745f31203d,1970304117,3.048128113421378e+32,1.5024065956164156e-19
2026-10-06 15:36:06.519,20310d0a50756d705f4e756d62,1886221648,2.939590777514893e+29,4.7449107653109597e+27
2026-10-06 15:36:07.033,65725f466f725f446967697461,1147105903,893.7880249023438,7.3968663036184995e+31
2026-10-06 15:36:07.548,6c5f4f75747075745f32203d20,1953853556,7.7782809489959315e+31,0.039110537618398666
2026-10-06 15:36:08.059,32206cfa000ca5fa0313400000,-89846784,-4.284861852867452e+35,5.884291873737306e-39
2026-10-06 15:36:08.574,00000000ecdcce0099fc8b6ed0,13556972,1.8997364044494544e-38,2.1661894096890865e+28
2026-10-06 15:36:09.087,fc8b6edad1e01834eace00fed1,874045649,1.4237890866297676e-07,-4.2803885674293665e+37
2026-10-06 15:36:09.600,e018e0dbce0024e6ce007671e6,-433848114,-1.936207367637484e+23,1.2181485635767417e+30
2026-10-06 15:36:10.113,6effffffff1b248c6e3229a46f,-1943790593,-1.264252520319261e-31,-3.668874903684229e-17
2026-10-06 15:36:10.627,c8caf903c80cfa03ffffffffc4,66718920,1.4696613816366767e-36,nan
2026-10-06 15:36:11.139,3aaa6f34eace00080000101000,134270698,3.876182519931916e-34,2.8398992587956425e-29
2026-10-06 15:36:11.655,150438ddce0040f8a36f34eace,-130023218,-1.5577145591252576e+34,-5.453345925737895e+25
2026-10-06 15:36:12.167,0000000000a4391504a4391504,356099072,3.7489825659723365e-26,3.748983798567501e-26
2026-10-06 15:36:12.678,24ddce000221a46fffffffff10,1873027330,1.0159089121496168e+29,nan
2026-10-06 15:36:13.194,001504583a150444ddce00d431,1141118266,528.3316650390625,-2212905615360.0
2026-10-06 15:36:13.709,a36fdc321504d8ddce00b83215,-573045739,-1.9456986627304325e+18,2.1420785145664922e-08
2026-10-06 15:36:14.213,0400000000d8ddce00b8321504,-824322048,-1860960256.0,3.609196413567173e-26
2026-10-06 15:36:14.728,0200000010001504ffffff0170,68485136,1.7514894525844633e-36,9.403954246058914e-38
2026-10-06 15:36:15.233,ddce00d431a36fe0321504d8dd,-529554639,-6.90707970893535e+19,-580906272161792.0
2026-10-06 15:36:15.749,ce003433150400000000d8ddce,1045,1.4643568952194338e-42,-1.9455550390240543e+18
2026-10-06 15:36:16.262,00343315040300000010001504,772,1.0818024144587588e-42,2.586201591676565e-26
2026-10-06 15:36:16.777,34eace079cddce00d431a36f5c,13557148,1.8997610673024265e-38,1.0101259021546946e+29
2026-10-06 15:36:17.292,331504d8ddce008c3315040000,-1946104099,-9.923011969599143e-32,3.749468313978556e-40
2026-10-06 15:36:17.807,0000d8ddce008c331504020000,864813262,6.519404394111916e-08,1.8513534921120186e-40
2026-10-06 15:36:18.320,001000150400000000bcddce00,4,5.605193857299268e-45,-1860042752.0
2026-10-06 15:36:18.835,0221a46fffffffff100015040c,-1,nan,1.7514894525844633e-36
2026-10-06 15:36:19.350,3a1504b43915040c3a15041000,201594169,1.0175296567172623e-31,2.604876222122745e-29
2026-10-06 15:36:19.863,1504d0ddce00a414a46ffeffff,346292430,1.6560085515654315e-26,nan
2026-10-06 15:36:20.377,ff10001504000000000cdece00,4,5.605193857299268e-45,-1862664192.0
2026-10-06 15:36:20.890,dc64a46ffeffffff280000006a,-2,nan,5.605193857299268e-44
2026-10-06 15:36:21.403,baab002900000010001504b439,268435456,2.524354896707238e-29,-1.230109774041921e-07
2026-10-06 15:36:21.918,15040600000008ffffff0221a4,-16252928,-1.8077500742674856e+38,4.438452126624651e-19
2026-10-06 15:36:22.431,6fffffffff0000000000000000,255,3.5733110840282835e-43,0.0
2026-10-06 15:36:22.942,69baab00ace5ce003965a46f3c,13559212,1.9000502953054632e-38,1.0175582458674238e+29
2026-10-06 15:36:23.454,2e15040000000004e4ce001000,67108864,1.504632769052528e-36,2.5402931707032574e-29
2026-10-06 15:36:23.967,1504441a15048444a46f000000,1149502485,1056.1275634765625,4.004911011040327e-41
2026-10-06 15:36:24.481,00000000000000000078331504,0,0.0,3.6243425429474166e-26
2026-10-06 15:36:24.994,00000000000000001100000000,0,0.0,2.382207389352189e-44
2026-10-06 15:36:25.509,00000004000000040000006cde,67108864,1.504632769052528e-36,6.189700196426902e+26
2026-10-06 15:36:26.024,ce20b8dece01e4ebce00feffff,-337378866,-5.51287218535795e+26,nan
2026-10-06 15:36:26.539,ff80dece000ca5fa03860f896e,-89846784,-4.284861852867452e+35,-1.7276010885294765e-33
2026-10-06 15:36:27.051,7cdece00a4dece00feffffff11,13557412,1.8997980615818847e-38,nan
2026-10-06 15:36:27.563,000000a8dece00da888c6ea0de,-637481250,-9064062474256384.0,-2.0205882034835485e-19
2026-10-06 15:36:28.074,ce00a4dece00f0dece00e8dece,-554696498,-8.647024534249013e+18,-8.358794158097302e+18
2026-10-06 15:36:28.589,000000000069c0bb0004000001,-1145018112,-0.005871891975402832,1.4349296274686127e-42
2026-10-06 15:36:29.099,01000000ccdece00e5d28a6e38,13557452,1.899803666775742e-38,2.1481943599694634e+28
2026-10-06 15:36:29.615,5315042000000000000000d4de,0,0.0,-2199023255552.0
2026-10-06 15:36:30.126,ce006bc0bb00fdffffff000000,-196421,nan,9.183409485952689e-41
2026-10-06 15:36:30.641,0030dfce00c04c150400000000,357351424,4.1348933208064555e-26,5.605193857299268e-45
2026-10-06 15:36:31.154,2c361504000000000000000014,0,0.0,0.0
2026-10-06 15:36:31.670,dfce00feffffff1100000018df,301989887,4.0389675939903374e-28,1.6543612251060553e-24
2026-10-06 15:36:32.185,ce004042150400000000000000,1045,1.4643568952194338e-42,0.0
2026-10-06 15:36:32.700,009c4215040600000000000000,1540,2.1579996350602183e-42,0.0
2026-10-06 15:36:33.215,f0541504000000009038150400,0,0.0,1.7540838053509266e-36
2026-10-06 15:36:33.727,00000000000000bc3815040600,-1140850688,-0.0078125,2.484202976483953e-35
2026-10-06 15:36:34.239,0000000000008cdfce006bc0bb,-544473088,-2.0176126330619822e+19,-3.671924114227295
2026-10-06 15:36:34.753,00fdffffff0000000064dfce00,255,3.5733110840282835e-43,-1873936384.0
2026-10-06 15:36:35.267,2cd38a6e58dfce008448150402,13557592,1.8998232849542425e-38,1.7548163369257493e-36
2026-10-06 15:36:35.782,00000088779d0fb04815040000,-1341153929,-5.224686794313982e-10,3.7497625866560645e-40
2026-10-06 15:36:36.295,000000000000dc481504060000,1222377472,450560.0,5.524773338431667e-40
2026-10-06 15:36:36.799,00c8dfce00fcdfce00493da56f,-824181760,-1878917120.0,-1.6417870210040653e-16
2026-10-06 15:36:37.300,4a0000002c0000000900000100,44,6.165713243029195e-44,2.350991223981811e-38
2026-10-06 15:36:37.813,00000000e06540346d15040100,876635616,1.7918455341714434e-07,2.4259943229863323e-38
2026-10-06 15:36:38.327,00007de78b6e14e0ce00f0aefa,-535531893,-4.278255598867107e+19,-1.0914079362489559e-10
2026-10-06 15:36:38.843,6e10001504b4dfce00971ca46f,-824200188,-1876558336.0,-3.395500975658314e-17
2026-10-06 15:36:39.357,344415040000000010001504a0,0,0.0,1.7514894525844633e-36
2026-10-06 15:36:39.876,fda36f38411504000000000800,267585,3.749664495763562e-40,3.851859888774472e-34
2026-10-06 15:36:40.386,000070251504ffff0000000000,-64491,nan,0.0
2026-10-06 15:36:40.901,00e4dfce00bde1a46f08000000,-1528709888,-9.789837397775752e-17,3.02540338447728e-42
2026-10-06 15:36:41.415,040000000600000010e0ce0042,6,8.407790785948902e-45,1.899849068845986e-38
2026-10-06 15:36:41.930,e2a46f04000000ffff0000ffff,-16777216,-1.7014118346046923e+38,-1.7014635547491816e+38
2026-10-06 15:36:42.444,00000200000010001504384115,1048576,1.4693679385278594e-39,11.500996589660645
2026-10-06 15:36:42.957,04040000000b00000002000000,2816,3.946056475538685e-42,7.174648137343064e-43
2026-10-06 15:36:43.470,4ce0ce0091a8a76f4ce0ce00aa,1873258641,1.037755618419998e+29,1.899857476636772e-38
2026-10-06 15:36:43.986,a8a76f5c3a1504020000001000,33822010,9.703920118967985e-38,2.524354896707238e-29
2026-10-06 15:36:44.502,15040400000000000000050000,0,0.0,4.5917748078995606e-40
2026-10-06 15:36:45.016,0008000000020000003c301504,512,7.174648137343064e-43,3.559024859995117e-26
2026-10-06 15:36:45.529,150000007c0400018ce0ce0010,16778364,2.351310439771984e-38,1.8998664449469437e-38
2026-10-06 15:36:46.045,0015048ce0ce00a74ea76f5c3a,-1493119264,-1.7875715556218974e-15,2.6982589153253786e+17
2026-10-06 15:36:46.555,15045c3a15043c301504100015,809239573,6.839980248862787e-10,1.4708322954230788e-39
2026-10-06 15:36:47.068,04100015041000150405000000,352325636,2.5862028242717295e-26,1.799267228193065e-42
2026-10-06 15:36:47.584,085ca46f050000003c301504f4,5,7.006492321624085e-45,1.7537013966052062e-36
2026-10-06 15:36:48.098,e0ce0593bfa56ffce0ce005a9f,-59791937,-4.977282717413866e+36,9064064621740032.0
2026-10-06 15:36:48.613,a66f5c3a150404000000040000,263189,3.688063415271843e-40,3.6734198463196485e-40
2026-10-06 15:36:49.126,00000000001000150468281504,352325632,2.586201591676565e-26,3.4009383671839905e-26
2026-10-06 15:36:49.640,000000000100000000000000f0,1,1.401298464324817e-45,0.0
2026-10-06 15:36:50.155,e0ce007545a36f004015041000,7316293,1.0252310145450409e-38,2.604878027682068e-29
2026-10-06 15:36:50.671,1504d43f150408000000000000,525333,7.361483261591491e-40,0.0
2026-10-06 15:36:51.180,00000000000000000002000000,0,0.0,7.174648137343064e-43
2026-10-06 15:36:51.694,02000000000000000400000000,0,0.0,5.605193857299268e-45
2026-10-06 15:36:52.209,00000004e1ce006618a46f0300,1711328993,1.5206978801128932e+23,7.042415784847762e-37
2026-10-06 15:36:52.724,0000000000001000150428e1ce,1048576,1.4693679385278594e-39,-1.937091966083667e+20
2026-10-06 15:36:53.236,00241ea46f0040150400000000,356515951,3.8774433258581295e-26,5.605193857299268e-45
2026-10-06 15:36:53.751,10001504d43f150434e1ce0002,68501460,1.754417426489313e-36,1.8998899867611444e-38
2026-10-06 15:36:54.262,0000000000000010001504d43f,268435456,2.524354896707238e-29,-2269152018432.0
2026-10-06 15:36:54.776,15046ce1ce00802ca56f040000,746586318,3.638068145350726e-12,4.0739249604083244e-40
2026-10-06 15:36:55.288,00ffffffff00401504d43f1504,356516095,3.877487699284048e-26,3.873939365954509e-26
2026-10-06 15:36:55.800,10001504c84f1504ffffffff04,68505544,1.7551499580641358e-36,nan
2026-10-06 15:36:56.313,00000000000000020000000200,33554432,9.4039548065783e-38,9.4039548065783e-38
2026-10-06 15:36:56.828,000004000000d4b6a46fd4e1ce,-1227620352,-6.318092346191406e-06,-4.8984428730760194e+20
2026-10-06 15:36:57.342,000a02a46f00401504c9000000,356515951,3.8774433258581295e-26,7.211081897415509e-41
2026-10-06 15:36:57.853,10001504004015045840150400,68501504,1.754425318602264e-36,1.7544411028281663e-36
2026-10-06 15:36:58.369,401504a037a36f2c4015042c40,745513783,3.4054545208078713e-12,1.8770124343703287e-12
2026-10-06 15:36:58.884,1504004015042c401504100015,1076626453,2.687749147415161,1.4708322954230788e-39
2026-10-06 15:36:59.396,04080000002d0000002c401504,11520,1.6142958309021893e-41,3.8808801093252897e-26
2026-10-06 15:36:59.909,020000002c40150410001504d0,68501548,1.7544332107152152e-36,1.7514894525844633e-36
2026-10-06 15:37:00.421,e1ce00a618a46f2c4015040a00,745514008,3.405503309905633e-12,6.359565497270674e-33
2026-10-06 15:37:00.935,000010001504f4e1ce00dcebce,-504101867,-5.6266246191697415e+20,-5.319349606889952e+26
2026-10-06 15:37:01.449,000200000061b98a6e06ecce00,-1967562496,-1.7851339330231455e-32,-1979922176.0
2026-10-06 15:37:01.961,faebce0002000000dcebce008c,2,2.802596928649634e-45,1.9002722609822122e-38
2026-10-06 15:37:02.474,e4ce0064e4ce000e0000008ce4,234933988,1.587683231689536e-30,-9.860761315262648e-32
2026-10-06 15:37:02.988,ce00dcebce00f0738a6efaebce,1945108686,3.8030016084284563e+31,-6.0550692173491025e+26
2026-10-06 15:37:03.504,00462c876e09748a6e7ee9e018,-1972106898,-1.1749946187863942e-32,-1.3460004963345446e+20
2026-10-06 15:37:04.014,04eace00dcebce00550000000c,13560796,1.9002722609822122e-38,1.1911036946760945e-43
2026-10-06 15:37:04.525,00000002000000000200000000,0,0.0,2.802596928649634e-45
2026-10-06 15:37:05.038,000038e2ce0000000000000200,206,2.886674836509123e-43,9.4039548065783e-38
2026-10-06 15:37:05.550,000000000048e2ce0000001504,-824031232,-1898184704.0,2.5849394142282115e-26
2026-10-06 15:37:06.051,01000000000000001300000000,0,0.0,2.6624670822171524e-44
2026-10-06 15:37:06.565,000000b43a15047ce2ce00e4e4,2080642362,2.743254844646799e+36,-9.50436287660549e+21
2026-10-06 15:37:07.080,ce00e4e4ce0088e2ce005d048a,-494403378,-1.2544075889348507e+21,2.5978794647551627e-36
2026-10-06 15:37:07.593,6e060000000400000001000000,1024,1.4349296274686127e-42,3.587324068671532e-43
2026-10-06 15:37:08.106,e4e4ce0004eace00c4e4ce0046,13560324,1.900206119694696e-38,1.9000177851810908e-38
2026-10-06 15:37:08.621,2c876ecbe7876ef2e9e01804ea,-227637273,-4.724590604146281e+30,1.797078781144972e-36
2026-10-06 15:37:09.133,ce00f6a40d6d84e5ce00c90000,-444306163,-7.817050094894375e+22,1.8459223395239884e-38
2026-10-06 15:37:09.649,00100015045840150400000000,356538372,3.8843523299034265e-26,5.605193857299268e-45
2026-10-06 15:37:10.161,020000000200000000000000fc,2,2.802596928649634e-45,0.0
2026-10-06 15:37:10.677,e2ce00a0fda36f40411504f4e2,1081058301,3.7443840503692627,-4.185878086906966e+31
2026-10-06 15:37:11.187,ce00a6d9a46f02000000000000,159652,2.237201024263857e-40,0.0
2026-10-06 15:37:11.703,00404115041300000013000000,4868,6.82152092433321e-42,6.81591573047591e-42
2026-10-06 15:37:12.215,04000000020000007025150114,2,2.802596928649634e-45,2.739383794404556e-38
2026-10-06 15:37:12.726,e3ce00da2fa66f404115048d00,1081058863,3.7445180416107178,-4.070122388450972e-31
2026-10-06 15:37:13.240,0000b43a150400000000100015,1045,1.4643568952194338e-42,1.4693679385278594e-39
2026-10-06 15:37:13.753,0470251504b43a150448e3ce00,356168708,3.7704408151895124e-26,-1906573824.0
2026-10-06 15:37:14.265,298aa76fb43a150440e3ce0010,68500148,1.7541820980304082e-36,1.899963414800675e-38
2026-10-06 15:37:14.777,0015043c31150400000000a0fd,267569,3.74944028800927e-40,-1.0842021724855044e-19
2026-10-06 15:37:15.292,a36f4c41150464e3ce00a6d9a4,-479984619,-4.2061517901564404e+21,-5840716362153984.0
2026-10-06 15:37:15.804,6f02000000000000064c411504,0,0.0,3.9036011522884014e-26
2026-10-06 15:37:16.313,12000000120000000400000000,18,2.5223372357846707e-44,5.605193857299268e-45
2026-10-06 15:37:16.825,0000007025150084e3ce00da2f,-2080369371,-1.505603678311714e-36,-9064067842965504.0
2026-10-06 15:37:17.338,a66f4c4115048a000000100015,9045013,1.2674762826698007e-38,1.4693679385278594e-39
2026-10-06 15:37:17.851,048ce3ce00971ca46f0c441504,-1541630208,-3.395500975658314e-17,3.9591693156390264e-26
2026-10-06 15:37:18.366,0000000010001504b0e3ce0011,68485136,1.7514894525844633e-36,1.8999791093434755e-38
2026-10-06 15:37:18.878,4ea46f010000000000000054da,0,0.0,2199023255552.0
2026-10-06 15:37:19.391,a56f100015048c331504100015,864814101,6.520000539467219e-08,1.4708322954230788e-39
2026-10-06 15:37:19.902,0410001504c4e3ce00971ca46f,-823933948,-1910637056.0,-3.395500975658314e-17
2026-10-06 15:37:20.413,704415040000000010001504e8,0,0.0,1.7514894525844633e-36
2026-10-06 15:37:20.924,e3ce00114ea46f040000000000,74425422,2.8169759997140902e-36,0.0
2026-10-06 15:37:21.435,0000a0fda36f38411504000000,1094217635,11.527255058288574,1.4643568952194338e-42
2026-10-06 15:37:21.950,00080000007025150401000000,354775040,3.340983705792029e-26,3.643376007244524e-43
2026-10-06 15:37:22.462,0000000004e4ce00bde1a46f08,13558788,1.8999908802505758e-38,1.0205688489475829e+29
2026-10-06 15:37:22.973,000000040000000500000030e4,83886080,6.018531076210112e-36,4.656612873077393e-10
2026-10-06 15:37:23.483,ce0042e2a46f04000000010000,290724,4.073910947423681e-40,9.183549615799121e-41
2026-10-06 15:37:23.997,00000000001000150401000000,352325632,2.586201591676565e-26,3.643376007244524e-43
2026-10-06 15:37:24.509,38411504040000000a00000008,4,5.605193857299268e-45,1.401298464324817e-44
2026-10-06 15:37:25.023,00000058e4ce00c6e2a46f7ee9,-973025564,-8243.72265625,7.963540287549126e+37
2026-10-06 15:37:25.530,e0189ce4ce00b4a6e66effffff,-1498152754,-1.249022713801693e-15,nan
2026-10-06 15:37:26.040,ff09748a6e53748a6e64e4ce00,-1972087954,-1.1763864040977678e-32,-1915893504.0
2026-10-06 15:37:26.547,000000008ce4ce00dcebce009c,13558924,1.9000099379096906e-38,1.9002722609822122e-38
2026-10-06 15:37:27.061,e4ce00faebce00010000008361,16830187,2.365834337835325e-38,-3.76158192263132e-37
2026-10-06 15:37:27.576,8a6ea8e4ce0085748a6e98748a,1954873550,8.430075722492798e+31,9.661512708009307e+31
2026-10-06 15:37:28.091,6e9ee9e01804eace00f4e4ce00,-823524328,-1963068416.0,-1920598016.0
2026-10-06 15:37:28.603,550000000e0000000e00000004,14,1.961817850054744e-44,1.961817850054744e-44
2026-10-06 15:37:29.107,010000f4e4ce0008e6ce001039,134270692,3.876179764867031e-34,2.540293772556365e-29
2026-10-06 15:37:29.618,e46effffffff98748a6e678c8a,1956184063,9.6975261246053e+31,-1.7828856825277628e-31
2026-10-06 15:37:30.133,6ef4e4ce0004eace00f4e4ce00,-823524352,-1963065344.0,-1920598016.0
2026-10-06 15:37:30.644,84e5ce0014e6ce00462c876e7a,13559316,1.9000648688094921e-38,2.0916999813799214e+28
2026-10-06 15:37:31.155,8d8a6e22ebe0182896fc000000,672719083,8.486466297221145e-15,9.061076130017132e-41
2026-10-06 15:37:31.672,000004eace006de60e6df6a40d,-429063986,-2.7980392507611943e+23,-1.0687023959930368e-16
2026-10-06 15:37:32.186,6d0e0000008000000004000000,32768,4.591774807899561e-41,1.4349296274686127e-42
2026-10-06 15:37:32.698,f4e4ce00550049006e00740031,4784213,6.704110329902826e-39,1.0653071697158056e-38
2026-10-06 15:37:33.212,00360000000000000000000000,0,0.0,0.0
2026-10-06 15:37:33.726,00000000000000000000000000,0,0.0,0.0
2026-10-06 15:37:34.236,0000000000ffffffff02000000,-256,nan,1.0747959221371347e-42
2026-10-06 15:37:34.749,88e5ce00541c016e1000150400,1845566548,9.989453217171821e+27,1.7514894525844633e-36
2026-10-06 15:37:35.264,00000000000000000000000000,0,0.0,0.0
2026-10-06 15:37:35.779,00000500000000000000000000,0,0.0,0.0
2026-10-06 15:37:36.292,0000000000000000001400ce00,0,0.0,-537198592.0
2026-10-06 15:37:36.805,2e74a46f14e6ce005074a46fc8,13559316,1.9000648688094921e-38,1.0179230959018904e+29
2026-10-06 15:37:37.319,79d900ffffffff94e5ce002d00,-1795162113,-2.584939260153816e-26,7.321897428635982e-12
2026-10-06 15:37:37.821,00000e00000080000000040000,8388608,1.1754943508222875e-38,3.6734198463196485e-40
2026-10-06 15:37:38.333,0084e5ce005300790073007400,2030064384,4.164358986809756e+34,4.070718231182116e+31
2026-10-06 15:37:38.847,65006d00000000000102220000,0,0.0,3.1231257354839e-39
2026-10-06 15:37:39.359,00000000000000000000000000,0,0.0,0.0
2026-10-06 15:37:39.873,00000000000000000000000000,0,0.0,0.0
2026-10-06 15:37:40.387,00000000002d0000003c6f1c77,11520,1.6142958309021893e-41,7.915601474249629e-22
2026-10-06 15:37:40.897,887aee7638110000e0e5ce0020,4408,6.176923630743794e-42,1.9000575820574776e-38
2026-10-06 15:37:41.412,eace0010020000090000000000,150994946,1.5407443228517733e-33,0.0
2026-10-06 15:37:41.923,0000567bee7600000000060000,30446,4.266393304483338e-41,5.510129769479473e-40
2026-10-06 15:37:42.438,00f108886e10e6ce0000000000,-823783314,-1929918208.0,0.0
2026-10-06 15:37:42.943,040000002896fc0020848a6e18,16553512,2.319641094478243e-38,2.14343303396311e+28
2026-10-06 15:37:43.454,e6ce0022ebe0182aebe01838e6,706273515,1.3578346075553832e-13,3.6449095205171034e-05
2026-10-06 15:37:43.970,ce004ce7ce001002e46effffff,34603214,1.0579680091387508e-37,nan
2026-10-06 15:37:44.486,ff462c876e3f8e8a6e6eeae018,-1970389138,-1.369796220173519e-32,-1.3514048158873892e+20
2026-10-06 15:37:44.996,04eace002896fc000300000009,16553512,2.319641094478243e-38,4.203895392974451e-45
2026-10-06 15:37:45.511,21100004000000000100000000,0,0.0,1.401298464324817e-45
2026-10-06 15:37:46.025,000048e6ce00500100025014f9,22020302,3.8204143736691646e-38,1.050171080075472e-26
2026-10-06 15:37:46.542,00708a896e0100000000191504,366,5.1287523794288305e-43,3.089810393569659e-26
2026-10-06 15:37:47.054,ace9ce00a8e6ce009803e46eff,13559464,1.9000856080267641e-38,3.528346340821546e+28
2026-10-06 15:37:47.564,ffffffaf8a896e638a896e10d6,1668188554,4.4002358234728555e+21,4.704318010024688e-29
2026-10-06 15:37:48.081,fa6e5014f900d4e6ce00b4e6ce,-422313735,-5.005798183546401e+23,-4.25020405390454e+23
2026-10-06 15:37:48.594,00148c896e1f8c896e82ebe018,-1987305618,-3.3733330362860115e-33,-1.3576197833731604e+20
2026-10-06 15:37:49.109,547fd10b020000002500000050,2,2.802596928649634e-45,5.184804318001823e-44
2026-10-06 15:37:49.623,14f90000000000d4bbf900f8e7,-738197504,-2199023255552.0,-1.046373646172121e+34
2026-10-06 15:37:50.135,ce00e279d900cc79d90044178c,2043412697,1.324057189565463e+35,6.333208554119389e-25
2026-10-06 15:37:50.650,6ee279d900462c876e85178c6e,-2027141632,-1.296041296499113e-34,-1.1672769400134292e-31
2026-10-06 15:37:51.160,32e5e018206cfa0034eace0000,16411680,2.2997661980990314e-38,1.9002128459273248e-38
2026-10-06 15:37:51.674,000000cc79d90025000000d4bb,620812665,1.117591284823983e-16,-2199023255552.0
2026-10-06 15:37:52.178,f90000000000b0e7ce00000000,-407896064,-1.662273001970115e+24,2.886674836509123e-43
2026-10-06 15:37:52.690,00d4bbf90060e7ce0010e7ce00,-823697408,-1940914176.0,-1938292736.0
2026-10-06 15:37:53.203,140000000f0000000201150410,15,2.1019476964872256e-44,1.7515328592056942e-36
2026-10-06 15:37:53.718,e7ce0014000000400000002910,1073741824,2.0,2.842170943040401e-14
2026-10-06 15:37:54.230,12230a1a725b223c420d423d22,1008884594,0.009909497573971748,0.04737592488527298
2026-10-06 15:37:54.743,20d2250502be25a46fb8406603,-1541030398,-3.5939614569444864e-17,2.2752414100336816e+23
2026-10-06 15:37:55.259,34eace00ace9ce0050e8ce00b4,13560236,1.90019378826821e-38,1.9001450230816515e-38
2026-10-06 15:37:55.773,eace00c925a46fa02fb18434ea,-1603296219,-2.029839830894042e-19,2.4715834001654e-07
2026-10-06 15:37:56.287,ce006eeae018c8e9ce00a277ea,-372762400,-3.0237829098648402e+25,6.571628219407188e+33
2026-10-06 15:37:56.800,6effffffff3f8e8a6ef98e8a6e,-1970388993,-1.3698175260086276e-32,-1.3767927625496132e-32
2026-10-06 15:37:57.314,462c876e108f8a6ee2e4e018dc,1854574352,2.144094165270712e+28,5.813375545811454e-24
2026-10-06 15:37:57.816,ebce00206cfa00030000000300,50395756,3.790328944055619e-37,3.76158192263132e-37
2026-10-06 15:37:58.326,00000300008004eace00d0e7ce,-368803840,-4.004566777473459e+25,-1.964534144602516e+24
2026-10-06 15:37:58.841,00aca1ea6ec8e7ce007a10936e,-823670674,-1944336128.0,-1.8235505900315214e-27
2026-10-06 15:37:59.353,10001504100015040000000009,68485136,1.7514894525844633e-36,0.0
2026-10-06 15:37:59.856,00ce00b0e7ce00020000004000,33607399,9.463332867186214e-38,2.0
2026-10-06 15:38:00.359,00004a79da0000381041000000,939524314,3.0518371204379946e-05,2.3340027221794153e-41
2026-10-06 15:38:00.871,0000001504c8e7ce00b8406603,-823670780,-1944322560.0,2.275221414051336e+23
2026-10-06 15:38:01.386,10001504a095aa6f50e7ce0000,1873450400,1.05586674390777e+29,1.9001091498409648e-38
2026-10-06 15:38:01.900,62e66e4c9bf903b840660334ea,-1207699045,-3.146529707009904e-05,1.223752406076528e-07
2026-10-06 15:38:02.412,ce00ace9ce0050e8ce00b4eace,-397410098,-3.929068289205032e+24,-1.0880522377995622e+26
2026-10-06 15:38:02.926,001038100032e5e01878e8ce00,-521850368,-1.3212210226816824e+20,-1950092288.0
2026-10-06 15:38:03.439,30c7e96effffffff85178c6e24,-1,nan,2.1678167371790834e+28
2026-10-06 15:38:03.954,188c6ec87ed10b0500000034ea,84660606,6.57422622853249e-36,1.1920928955078125e-07
2026-10-06 15:38:04.467,ce007d188c6eb2e5e01834eace,-441291124,-1.0532755798275878e+23,-5.443102909922366e+25
2026-10-06 15:38:04.978,00bc04aa6f0000000000000000,111,1.555441295400547e-43,0.0
2026-10-06 15:38:05.493,00000000206cfa00e0eece0000,16411680,2.2997661980990314e-38,1.900380441223658e-38
2026-10-06 15:38:06.005,000000b1128c6eb6e5e01834ea,-1234269166,-3.5546295293897856e-06,1.4237919288007106e-07
2026-10-06 15:38:06.520,ce0030128c6e00000000003810,28300,3.9656746540392323e-41,3.0517578125e-05
2026-10-06 15:38:07.035,004c9bf90300000000105c8000,3,4.203895392974451e-45,-8.454605365045066e-39
2026-10-06 15:38:07.545,40000000e0eece000000000044,13561568,1.900380441223658e-38,0.0
2026-10-06 15:38:08.054,e8ce00b8e8ce009062e66effff,-1878995224,-2.5402943744094726e-29,-3.1755247895041415e+38
2026-10-06 15:38:08.555,ffffb1128c6e6c0b8c6e750b8c,191655564,4.5535112912859443e-32,4.7268449862807955e-32
2026-10-06 15:38:09.067,6efee5e01834eace00dce8ce00,-823512040,-1964641280.0,-1953366016.0
2026-10-06 15:38:09.581,9066f80009f0876e9066f80000,1854402569,2.103533051194372e+28,2.2811995539661133e-38
2026-10-06 15:38:10.094,000000000000000ca5fa008ce8,201326592,9.860761315262648e-32,-9.93618691028316e-32
2026-10-06 15:38:10.609,ce00d4eace0004e9ce00b4111e,-385613618,-9.97387551365064e+24,2.8399488514917105e-28
2026-10-06 15:38:11.118,77c87ed10b0000f50000000000,-184549365,-1.622594896001576e+32,0.0
2026-10-06 15:38:11.632,eae5e018f0e9ce00e8e9ce0020,13560304,1.9002033170977674e-38,1.900202196058996e-38
2026-10-06 15:38:12.143,0000000a000700e80acb0bfc0a,-402651392,-2.418368148063322e+24,-2.90338953907003e+36
2026-10-06 15:38:12.657,cb0b70e9ce0093cb19770d0000,-879558450,-19267996.0,1.2365856389326851e-39
2026-10-06 15:38:13.173,0020000000f0e9ce000000f500,-823529472,-1962409984.0,-1.6225927682921336e+32
2026-10-06 15:38:13.685,06000000beb7197768e89f6e28,1998174142,3.117766225250682e+33,2.474453923892934e+28
2026-10-06 15:38:14.197,e9ce0004010000060000001800,100663297,2.4074127174699703e-35,1.6543612251060553e-24
2026-10-06 15:38:14.712,00000008cf000000cf00000000,207,2.9006878211523713e-43,2.9006878211523713e-43
2026-10-06 15:38:15.228,00000000000401000008bf3506,66560,9.327042578545982e-41,1.423293724656105e-06
2026-10-06 15:38:15.742,00000000ffffffff00000000ac,-1,nan,0.0
2026-10-06 15:38:16.254,75197718000000c401cf000200,-1006632960,-512.0,9.463362014194272e-38
2026-10-06 15:38:16.767,0000ece9ce00e4741977100000,1961099470,1.4451416073576888e+32,1.5120921274066587e-39
2026-10-06 15:38:17.268,00000000000000f5005423cf00,-184549376,-1.6225927682921336e+32,-2740191232.0
2026-10-06 15:38:17.795,cce9ce005023cf008ce9ce003e,13574992,1.9022615442821677e-38,1.9001893041131242e-38
2026-10-06 15:38:18.310,c7197700000000000000000000,0,0.0,0.0
2026-10-06 15:38:18.822,00006cecce00f0e9ce0004ecce,-370147122,-3.6268249592098773e+25,-6.38328032873641e+26
2026-10-06 15:38:19.336,0098bf1977600bcb0bf0e9ce00,-888446857,-9134199.0,-1962411392.0
2026-10-06 15:38:19.851,fc731c779f82e476d6280b5894,1994687135,2.3173691294379984e+33,612030021107712.0
2026-10-06 15:38:20.363,eece002cebce00e782e476a981,-419377429,-6.082798726210977e+23,-5.482117174495163e-14
2026-10-06 15:38:20.876,e4768d313cbb94eece00b8ebce,-292242628,-2.301506696190799e+28,-4.448923016767419e+26
2026-10-06 15:38:21.391,0008ecce002400000001000000,9216,1.2914366647217514e-41,3.587324068671532e-43
2026-10-06 15:38:21.905,000000000000000070000000ff,0,0.0,1.5694542800437951e-43
2026-10-06 15:38:22.422,ffffffffffffff5e81e476e782,1593835519,9.223371487098962e+18,-1.1659173078643694e+24
2026-10-06 15:38:22.936,e4760000000001000000000000,65536,9.183549615799121e-41,0.0
2026-10-06 15:38:23.449,0000000000f4e9ce0000000000,-823528448,-1962541056.0,0.0
2026-10-06 15:38:23.962,94eece0000508b0020ebce0020,9129984,1.279383255851015e-38,1.900245916571083e-38
2026-10-06 15:38:24.473,0000001f001100c8592513dc59,-939519744,-131140.0,-1.6567154303513395e+17
2026-10-06 15:38:24.986,2513a8eace0093cb1977790000,-879558450,-19267996.0,1.1154819223995736e-38
2026-10-06 15:38:25.499,002000000028ebce000000f500,-823449600,-1972633600.0,-1.6225927682921336e+32
2026-10-06 15:38:26.014,52000000beb719770000000000,1998174142,3.117766225250682e+33,0.0
2026-10-06 15:38:26.527,00000004010000520000006800,1375731713,137438969856.0,2.4178516392292583e+24
2026-10-06 15:38:27.041,0000d007cf000000cf00000000,207,2.9006878211523713e-43,2.9006878211523713e-43
2026-10-06 15:38:27.557,000000000004010000904fe30b,66560,9.327042578545982e-41,-3.828852316799339e+21
2026-10-06 15:38:28.071,00000000000000000300000002,0,0.0,4.203895392974451e-45
2026-10-06 15:38:28.585,00000068000000ec01cf000000,-335544320,-6.189700196426902e+26,7.425900951996503e-41
2026-10-06 15:38:29.099,00000d0000000000cf005c0000,0,0.0,8.449155715317307e-39
2026-10-06 15:38:29.611,00000000000000f5008c17cf00,-184549376,-1.6225927682921336e+32,-2542534656.0
2026-10-06 15:38:30.127,000000008817cf00c4eace003e,13571976,1.9018389126653273e-38,1.900233024625211e-38
2026-10-06 15:38:30.636,c7197700000000000000000000,0,0.0,0.0
2026-10-06 15:38:31.137,0000b0edce0028ebce003cedce,-349699890,-2.031033377245369e+26,-3.6365096658692715e+27
2026-10-06 15:38:31.652,0098bf19773066251328ebce00,627454071,1.9965740501509194e-16,-1972636032.0
2026-10-06 15:38:32.162,5200000038eece000000000059,13561400,1.9003568994094574e-38,0.0
2026-10-06 15:38:32.676,c0197700000000000000000800,0,0.0,3.851859888774472e-34
2026-10-06 15:38:33.186,000028ebce0030662513520008,1714421966,2.0778783621235734e+23,7.537378448728935e-39
2026-10-06 15:38:33.689,02801015770200000000000000,631,8.842193309889596e-43,0.0
2026-10-06 15:38:34.199,5200080228ebce008d313cbbb8,13560616,1.9002470376098544e-38,-0.0028716058004647493
2026-10-06 15:38:34.714,e9ce00b0edce00bcecce00104c,-1140797715,-0.007861834950745106,2.540295578115688e-29
2026-10-06 15:38:35.230,e576096e01cdfeffffff94ebce,-78591,nan,-3.6025985735167135e+26
2026-10-06 15:38:35.742,000982a07500000000b8ebce00,117,1.639519203260036e-43,-1977352192.0
2026-10-06 15:38:36.258,0000a00f94ebce001f83a07594,13560724,1.900262171633269e-38,4.0694675248861754e+32
2026-10-06 15:38:36.773,eece0015010180b0ecce006100,-1333788415,-9.313511073472114e-10,1.4850584586882122e+20
2026-10-06 15:38:37.286,7600650061007200630068005c,7471201,1.0469382487962038e-38,9.551030328979054e-39
2026-10-06 15:38:37.800,00440065006600610004ecce00,1627416064,1.480333197516682e+20,-1979842560.0
2026-10-06 15:38:38.305,7460fc000000000000000000c3,0,0.0,0.0
2026-10-06 15:38:38.808,80a07594eece0094eece00b8eb,-1811886354,-6.503158220720116e-27,-3.0710296414326876e-05
2026-10-06 15:38:39.323,ce000000a00f50ecce003a7fa0,-330297440,-1.0061214298245508e+27,2.472405853923727e+38
2026-10-06 15:38:39.836,7594eece0000000000b0ecce00,0,0.0,-1985478656.0
2026-10-06 15:38:40.350,2d5aa075b0ecce00a059a07540,13561008,1.900301968509656e-38,4.06535795081201e+32
2026-10-06 15:38:40.864,5aa075480cf5005c3f9175ffff,1543566604,1.4519291562950656e+17,-3.2641501980359697e+38
2026-10-06 15:38:41.378,ffff0000000000000000000000,0,0.0,0.0
2026-10-06 15:38:41.892,00000000000000000016000000,0,0.0,7.89211295107737e-42
2026-10-06 15:38:42.406,fc71841b01000000fffffffff0,1,1.401298464324817e-45,nan
2026-10-06 15:38:42.918,4619770000000000000000ff5d,0,0.0,-1.7014118346046923e+38
2026-10-06 15:38:43.420,00003b0c46a256a26b4a812dbd,-1571380666,-2.908831495650394e-18,1.4698650283029302e-11
2026-10-06 15:38:43.934,4f053ff0810000000002000000,129,1.807675018979014e-43,7.174648137343064e-43
2026-10-06 15:38:44.447,16000000fd71841b0000000000,461664765,2.1911231371640745e-22,0.0
2026-10-06 15:38:44.956,0000000000000000000000a0e7,0,0.0,-1.0842021724855044e-19
2026-10-06 15:38:45.458,ff000000000001000000000000,65536,9.183549615799121e-41,0.0
2026-10-06 15:38:45.964,00000000000000000000000000,0,0.0,0.0
2026-10-06 15:38:46.479,0000000000000000d0eece004d,0,0.0,1.9003781991461152e-38
2026-10-06 15:38:46.995,ec713578ecce00e7fc9d750200,-419377428,-6.082799446786917e+23,1.80450965390392e-37
2026-10-06 15:38:47.507,0000ffffffff0100000094eece,131071,1.836695910175181e-40,-2.2901890726779535e+28
2026-10-06 15:38:48.022,00b0ecce0059091b7702000000,453597440,1.1361131842959768e-22,8.842193309889596e-43
2026-10-06 15:38:48.536,94eece00ccecce00e6878c6e02,13561036,1.900305892145356e-38,2.1746096252463672e+28
2026-10-06 15:38:49.049,000000e22d0b58ccecce002d88,-866645203,-56634548.0,7.321903500168148e-12
2026-10-06 15:38:49.564,8c6ecb000000fae1e018010000,-503709696,-5.764607523034235e+20,1.0075896477881165e-40
2026-10-06 15:38:50.077,00010000000100000002000000,256,3.587324068671532e-43,7.174648137343064e-43
2026-10-06 15:38:50.593,cb000000000000000000000094,0,0.0,0.0
2026-10-06 15:38:51.095,ecce0044edce0044edce00be0c,1140903661,515.2332153320312,-0.1257893592119217
2026-10-06 15:38:51.605,9d6eeee1e0180000000044edce,6368,8.923468620820435e-42,-3.791191370311477e+27
2026-10-06 15:38:52.120,006b07e46effffffff50edce00,-146,nan,-1990754176.0
2026-10-06 15:38:52.632,9d239c6e66e0e018206cfa0000,417390694,5.812922739651857e-24,2.2997661980990314e-38
2026-10-06 15:38:53.148,00000001000000000000000776,0,0.0,9.62964972193618e-35
2026-10-06 15:38:53.661,6d031033876ef0edce0038edce,-303010169,-9.301252714594452e+27,-3.559138413413935e+27
2026-10-06 15:38:54.179,0001000000206cfa0000000000,-93577216,-3.0650777393038404e+35,0.0
2026-10-06 15:38:54.691,0100000000000004206cfa0001,67108864,1.504632769052528e-36,2.2997661980990314e-38
2026-10-06 15:38:55.205,00000001000000000000060000,0,0.0,5.510129769479473e-40
2026-10-06 15:38:55.706,0000206cfa0000000000d8edce,250,3.5032461608120427e-43,-8.356095265176317e+27
2026-10-06 15:38:56.222,000000000001000000206cfa00,256,3.587324068671532e-43,-3.0650777393038404e+35
2026-10-06 15:38:56.737,acedce0058e8e46effffffff9d,1860495448,3.542173429883388e+28,nan
2026-10-06 15:38:57.248,239c6e04249c6e0100000094ee,24026148,4.38257215756358e-38,-6.462348535570529e-27
2026-10-06 15:38:57.764,ce00000000000000000000ffff,0,0.0,-1.7014118346046923e+38
2026-10-06 15:38:58.276,ff8ae0e018206cfa00889c1b04,-93577192,-3.0650824929935913e+35,2.5895923051738223e-22
2026-10-06 15:38:58.791,08000000206cfa000100000094,16411680,2.2997661980990314e-38,1.401298464324817e-45
2026-10-06 15:38:59.304,eece0001000000ffffffff98ee,-16777216,-1.7014118346046923e+38,-6.617444505993769e-24
2026-10-06 15:38:59.819,ce0001000000000000004401e4,0,0.0,3.5999514493932555e-38
2026-10-06 15:39:00.337,6effffff005c9c1b0408000000,463232000,2.586748871818171e-22,2.8754644487945246e-42
2026-10-06 15:39:00.852,e6e0e0180000003f0000000000,1056964608,0.5,0.0
2026-10-06 15:39:01.365,00000002000000000000000000,0,0.0,0.0
2026-10-06 15:39:01.877,00005d0000006300000000c405,6488064,9.09171411964113e-39,-512.0
2026-10-06 15:39:02.390,0000c505000000000000943162,0,0.0,4.307366907596588e-09
2026-10-06 15:39:02.905,8800040000c0e3b01fc07f04f0,-1327251456,-1.6570993466302752e-09,3.0063323625803067e-36
2026-10-06 15:39:03.420,d32b801fc003f8013c801fc003,33031104,9.110619317483029e-38,-2.492201805114746
2026-10-06 15:39:03.933,f8013c801fc003f8013c801fc0,-133971937,-1.0688868237265648e+34,5.430937676013012e-20
2026-10-06 15:39:04.443,03f8013c801fc003f8013c801f,62922624,1.1291977813216402e-36,-5.5108360239054924e-39
2026-10-06 15:39:04.957,c003f8013c801fc003f8013c80,-1071677380,-2.492201805114746,0.007932665757834911
2026-10-06 15:39:05.468,1fc0830c8007fc035900000063,66848640,1.4812950735913785e-36,1.2471556332490872e-43
2026-10-06 15:39:05.981,00000000c4050000c405000000,1476,2.06831653334343e-42,2.06831653334343e-42
2026-10-06 15:39:06.494,000000b40601950004000004f0,9765126,1.3683856067738344e-38,1.5046334865173417e-36
2026-10-06 15:39:07.005,1f01fcf40ae007f0007e000fe0,-267919350,-1.6820529173256036e+29,6.335153959067374e-30
2026-10-06 15:39:07.518,07f0007e000fe007f0007e000f,132124416,3.3712590234407795e-34,1.157160882753833e-38
2026-10-06 15:39:08.032,e007f0007e000fe007f0007e00,-535887746,-4.121749794355518e+19,4.28468691708462e+37
2026-10-06 15:39:08.545,0fe007f0007e000fe007f0007e,251690496,6.335153959067374e-30,2.204334409562197e-38
2026-10-06 15:39:09.060,000fe007f0a002e001ff590000,-536698640,-3.765114841598001e+19,8.264837323110806e-39
2026-10-06 15:39:09.575,006300000000c4050000c40500,96731136,1.8431751420893468e-35,1.8431751420893468e-35
2026-10-06 15:39:10.083,0000000000b406019500040000,17216512,2.474105663681382e-38,3.6755077810314924e-40
2026-10-06 15:39:10.597,04f01f01fcf40ae007f0007e00,-536152836,-4.005161979392662e+19,4.28468691708462e+37
2026-10-06 15:39:11.109,0fe007f0007e000fe007f0007e,251690496,6.335153959067374e-30,2.204334409562197e-38
2026-10-06 15:39:11.626,000fe007f0007e000fe007f000,8257776,1.157160882753833e-38,-1.6820538617989e+29
2026-10-06 15:39:12.139,7e000fe007f0007e000fe007f0,2113990663,4.28468691708462e+37,3.3712590234407795e-34
2026-10-06 15:39:12.651,007e000fe007f0a002e001ff5d,-1594882080,-4.06627927060655e-19,-1.7263352651738516e+38
2026-10-06 15:39:13.162,00000063000000002706000027,0,0.0,2.207045081311587e-42
2026-10-06 15:39:13.679,060000000000000f2dd2c60004,251658240,6.310887241768095e-30,1.8258825103155257e-38
2026-10-06 15:39:14.191,000004f01f01fcf40ae007f000,-184811233,-1.5972675132243874e+32,-1.6820529173256036e+29
2026-10-06 15:39:14.703,7e000fe007f0007e000fe007f0,2113990663,4.28468691708462e+37,3.3712590234407795e-34
2026-10-06 15:39:15.218,007e000fe007f0007e000fe007,15730656,2.204334409562197e-38,-4.121749794355518e+19
2026-10-06 15:39:15.733,f0007e000fe007f0007e000fe0,-267919345,-1.6820538617989e+29,6.335153959067374e-30
2026-10-06 15:39:16.245,07f0007e000fe007f0007e000f,132124416,3.3712590234407795e-34,1.157160882753833e-38
2026-10-06 15:39:16.758,c40078c03f5d00000063000000,23871,3.345039564189771e-41,3.5514508279848164e-41
2026-10-06 15:39:17.274,00270600002706000000000000,403200,5.6500354081576624e-40,0.0
2026-10-06 15:39:17.787,0f2dd2c60004000004f01f01fc,1024,1.4349296274686127e-42,2.9375890543925153e-38
2026-10-06 15:39:18.299,f40ae007f0007e000fe007f000,8257776,1.157160882753833e-38,-1.6820538617989e+29
2026-10-06 15:39:18.815,7e000fe007f0007e000fe007f0,2113990663,4.28468691708462e+37,3.3712590234407795e-34
2026-10-06 15:39:19.327,007e000fe007f0007e000fe007,15730656,2.204334409562197e-38,-4.121749794355518e+19
2026-10-06 15:39:19.838,f0007e000fe007f0007e000fe0,-267919345,-1.6820538617989e+29,6.335153959067374e-30
2026-10-06 15:39:20.352,07f0007e000fc40078c03f6100,12848896,1.8005138233069285e-38,2.2107480957068824e+20
2026-10-06 15:39:20.863,000063000000008c0600008c06,-1946157056,-9.860761315262648e-32,-9.860768368228753e-32
2026-10-06 15:39:21.376,000000000000c17d5947000400,2109800448,3.2067625398311095e+37,1.5079088927582423e-36
2026-10-06 15:39:21.891,0004f01f01fcf40ae007f0007e,183827457,2.3591138655342525e-32,2.204334409562197e-38
2026-10-06 15:39:22.407,000fe007f0007e000fe007f000,8257776,1.157160882753833e-38,-1.6820538617989e+29
2026-10-06 15:39:22.916,7e000fe007f0007e000fe007f0,2113990663,4.28468691708462e+37,3.3712590234407795e-34
2026-10-06 15:39:23.429,007e000fe007f0007e000fe007,15730656,2.204334409562197e-38,-4.121749794355518e+19
2026-10-06 15:39:23.944,f0007e000fe007f0007e000fe0,-267919345,-1.6820538617989e+29,6.335153959067374e-30
2026-10-06 15:39:24.458,07f040398007fc036100000063,66848640,1.4812950735913785e-36,1.3592595103950726e-43
2026-10-06 15:39:24.972,000000008c0600008c06000000,1676,2.3485762262083934e-42,2.3485762262083934e-42
2026-10-06 15:39:25.486,000000c17d59470004000004f0,4675965,6.552422573736593e-39,1.5046334865173417e-36
2026-10-06 15:39:25.999,1f01fcf40ae007f0007e000fe0,-267919350,-1.6820529173256036e+29,6.335153959067374e-30
2026-10-06 15:39:26.511,07f0007e000fe007f0007e000f,132124416,3.3712590234407795e-34,1.157160882753833e-38
2026-10-06 15:39:27.026,e007f0007e000fe007f0007e00,-535887746,-4.121749794355518e+19,4.28468691708462e+37
2026-10-06 15:39:27.537,0fe007f0007e000fe007f0007e,251690496,6.335153959067374e-30,2.204334409562197e-38
2026-10-06 15:39:28.051,000fe007f0007e000fe007f040,8257776,1.157160882753833e-38,-1.6820538617989e+29
2026-10-06 15:39:28.566,398007fc036400000063000000,25603,3.587744458210829e-41,3.5514508279848164e-41
2026-10-06 15:39:29.078,00f0060000f006000000000000,454656,6.37108754596064e-40,0.0
2026-10-06 15:39:29.589,bf64b53b0004000004f01f01fc,1024,1.4349296274686127e-42,2.9375890543925153e-38
2026-10-06 15:39:30.101,f40ae007f0007e000fe007f000,8257776,1.157160882753833e-38,-1.6820538617989e+29
2026-10-06 15:39:30.614,7e000fe007f0007e000fe007f0,2113990663,4.28468691708462e+37,3.3712590234407795e-34
2026-10-06 15:39:31.131,007e000fe007f0007e000fe007,15730656,2.204334409562197e-38,-4.121749794355518e+19
2026-10-06 15:39:31.633,f0007e000fe007f0007e000fe0,-267919345,-1.6820538617989e+29,6.335153959067374e-30
2026-10-06 15:39:32.148,07f0007e000fe007f0007e000f,132124416,3.3712590234407795e-34,1.157160882753833e-38
2026-10-06 15:39:32.659,3002f0807f6400000063000000,25727,3.605120559168457e-41,3.5514508279848164e-41
2026-10-06 15:39:33.173,00f0060000f006000000000000,454656,6.37108754596064e-40,0.0
2026-10-06 15:39:33.685,bf64b53b0004000004f01f01fc,1024,1.4349296274686127e-42,2.9375890543925153e-38
2026-10-06 15:39:34.194,f40ae007f0007e000fe007f000,8257776,1.157160882753833e-38,-1.6820538617989e+29
2026-10-06 15:39:34.709,7e000fe007f0007e000fe007f0,2113990663,4.28468691708462e+37,3.3712590234407795e-34
2026-10-06 15:39:35.224,007e000fe007f0007e000fe007,15730656,2.204334409562197e-38,-4.121749794355518e+19
2026-10-06 15:39:35.738,f0007e000fe007f0007e000fe0,-267919345,-1.6820538617989e+29,6.335153959067374e-30
2026-10-06 15:39:36.249,07f0007e000fe007f0007e000f,132124416,3.3712590234407795e-34,1.157160882753833e-38
2026-10-06 15:39:36.764,3002f0807f6800000063000000,26751,3.748613521915318e-41,3.5514508279848164e-41
2026-10-06 15:39:37.278,00540700005407000000000000,480256,6.7298199528277935e-40,0.0
2026-10-06 15:39:37.787,2f82520d0004000004f01f01fc,1024,1.4349296274686127e-42,2.9375890543925153e-38
2026-10-06 15:39:38.304,f40ae007f0007e000fe007f000,8257776,1.157160882753833e-38,-1.6820538617989e+29
2026-10-06 15:39:38.813,7e000fe007f0007e000fe007f0,2113990663,4.28468691708462e+37,3.3712590234407795e-34
2026-10-06 15:39:39.330,007e000fe007f0007e000fe007,15730656,2.204334409562197e-38,-4.121749794355518e+19
2026-10-06 15:39:39.832,f0007e000fe007f0007e000fe0,-267919345,-1.6820538617989e+29,6.335153959067374e-30
2026-10-06 15:39:40.344,07f0007e000fe007f0007e000f,132124416,3.3712590234407795e-34,1.157160882753833e-38
2026-10-06 15:39:40.858,e007f0004d000ff80768000000,-133234611,-1.160163361467178e+34,3.7317979403434203e-41
2026-10-06 15:39:41.371,63000000005407000054070000,480256,6.7298199528277935e-40,6.7298199528277935e-40
2026-10-06 15:39:41.880,000000002f82520d0004000004,223511087,6.486794893233054e-31,1.4349296274686127e-42
2026-10-06 15:39:42.392,f01f01fcf40ae007f0007e000f,132123380,3.3710211695057303e-34,1.157160882753833e-38
2026-10-06 15:39:42.908,e007f0007e000fe007f0007e00,-535887746,-4.121749794355518e+19,4.28468691708462e+37
2026-10-06 15:39:43.421,0fe007f0007e000fe007f0007e,251690496,6.335153959067374e-30,2.204334409562197e-38
2026-10-06 15:39:43.937,000fe007f0007e000fe007f000,8257776,1.157160882753833e-38,-1.6820538617989e+29
2026-10-06 15:39:44.449,7e000fe007f0007e000fe007f0,2113990663,4.28468691708462e+37,3.3712590234407795e-34
2026-10-06 15:39:44.960,007e000fe007f0004d000ff807,15730656,2.204334409562197e-38,-1.160163361467178e+34
2026-10-06 15:39:45.472,6b0000006300000000b8070000,99,1.3872854796815689e-43,7.088552359694947e-40
2026-10-06 15:39:45.983,b8070000000000008434feb000,0,0.0,-1.8495858178368962e-09
2026-10-06 15:39:46.497,04000004f01f01fcf40ae007f0,-67035152,-2.6818162568308376e+36,3.3710211695057303e-34
2026-10-06 15:39:47.011,007e000fe007f0007e000fe007,15730656,2.204334409562197e-38,-4.121749794355518e+19
2026-10-06 15:39:47.523,f0007e000fe007f0007e000fe0,-267919345,-1.6820538617989e+29,6.335153959067374e-30
2026-10-06 15:39:48.038,07f0007e000fe007f0007e000f,132124416,3.3712590234407795e-34,1.157160882753833e-38
2026-10-06 15:39:48.555,e007f0007e000fe007f0007e00,-535887746,-4.121749794355518e+19,4.28468691708462e+37
2026-10-06 15:39:49.065,0fe007f0007e000fe007f0007e,251690496,6.335153959067374e-30,2.204334409562197e-38
2026-10-06 15:39:49.574,000f7007f0807f6b0000006300,1803518192,3.0888497413011544e+26,2.3611832414348226e+21
2026-10-06 15:39:50.090,000000b8070000b80700000000,-1207959545,-3.051760359085165e-05,9.80908925027372e-45
2026-10-06 15:39:50.607,00008434feb00004000004f01f,67154174,1.5127598517301034e-36,-1.634080851856702e+29
2026-10-06 15:39:51.119,01fcf40ae007f0007e000fe007,15730656,2.204334409562197e-38,-4.121749794355518e+19
2026-10-06 15:39:51.632,f0007e000fe007f0007e000fe0,-267919345,-1.6820538617989e+29,6.335153959067374e-30
2026-10-06 15:39:52.143,07f0007e000fe007f0007e000f,132124416,3.3712590234407795e-34,1.157160882753833e-38
2026-10-06 15:39:52.659,e007f0007e000fe007f0007e00,-535887746,-4.121749794355518e+19,4.28468691708462e+37
2026-10-06 15:39:53.171,0fe007f0007e000fe007f0007e,251690496,6.335153959067374e-30,2.204334409562197e-38
2026-10-06 15:39:53.684,000fe007f0007e000f7007f080,8257776,1.157160882753833e-38,-1.6766378741270266e+29
2026-10-06 15:39:54.197,7f1e00000063000000001c0000,25344,3.5514508279848164e-41,2.571393892423754e-39
2026-10-06 15:39:54.711,001c00000000000000943ce90e,0,0.0,-1.4248560270438437e+25
2026-10-06 15:39:55.222,00040000047a8e807f1e000000,-2138146300,-1.3084411413266402e-38,1.0939937110983847e-41
2026-10-06 15:39:55.736,63000000001c0000001c000000,7168,1.0044507392280289e-41,1.0044507392280289e-41
2026-10-06 15:39:56.251,00000000943ce90e0004000004,250166420,5.749726927386109e-30,1.4349296274686127e-42
2026-10-06 15:39:56.766,7a8e807f220000006300000000,34,4.764414778704378e-44,1.3872854796815689e-43
2026-10-06 15:39:57.280,80000000800000000000000015,128,1.793662034335766e-43,0.0
2026-10-06 15:39:57.793,f4a0f50004000004f01f81727a,67108868,1.5046334865173417e-36,5.115158570920634e+30
2026-10-06 15:39:58.304,05fc0322000000630000000080,1660944384,2.3611832414348226e+21,0.0
2026-10-06 15:39:58.818,000000800000000000000015f4,0,0.0,2.5849394142282115e-26
2026-10-06 15:39:59.332,a0f50004000004f01f81727a05,-268173312,-1.634080851856702e+29,3.1478868166933432e+35
2026-10-06 15:39:59.848,fc03250000006300000000e400,6488064,9.09171411964113e-39,-9.44473296573929e+21
2026-10-06 15:40:00.361,0000e400000000000000af2972,0,0.0,7.771561172376096e-14
2026-10-06 15:40:00.874,b50004000004f01f01fcf40a30,535823360,1.0165057111541646e-19,2.3591138655342525e-32
2026-10-06 15:40:01.385,02f0807f290000006300000000,41,5.74532370373175e-44,1.3872854796815689e-43
2026-10-06 15:40:01.900,4801000048010000000000005f,328,4.5962589629854e-43,0.0
2026-10-06 15:40:02.411,c3d52a0004000004f01f01fcf4,67108868,1.5046334865173417e-36,-2.6818162568308376e+36
2026-10-06 15:40:02.925,0ae007f0004d000ff807290000,251677952,6.325716902339876e-30,3.768113991344862e-39
2026-10-06 15:40:03.435,00630000000048010000480100,21495808,3.6734198463196485e-38,3.6734198463196485e-38
2026-10-06 15:40:03.946,00000000005fc3d52a00040000,-708616448,-26851598663680.0,3.674008391674665e-40
2026-10-06 15:40:04.461,04f01f01fcf40ae007f0004d00,-536152836,-4.005161979392662e+19,135200880.0
2026-10-06 15:40:04.974,0ff8072c0000006300000000ac,1660944384,2.3611832414348226e+21,0.0
2026-10-06 15:40:05.486,010000ac01000000000000515c,1,1.401298464324817e-45,34359738368.0
2026-10-06 15:40:05.997,9b160004000004f01f01fcf40a,-268173312,-1.634080851856702e+29,-1.5972675132243874e+32
2026-10-06 15:40:06.510,e007f0007e000f7007f0807f2c,1880031358,1.7702780569051675e+29,nan
2026-10-06 15:40:07.020,0000006300000000ac010000ac,0,0.0,5.997557427310217e-43
2026-10-06 15:40:07.531,01000000000000515c9b160004,1358954496,34359738368.0,2.0761133579989333e-39
2026-10-06 15:40:08.044,000004f01f01fcf40ae007f000,-184811233,-1.5972675132243874e+32,-1.6820529173256036e+29
2026-10-06 15:40:08.556,7e000f7007f0807f3300000063,2139156487,nan,7.146622168056567e-44
2026-10-06 15:40:09.074,00000000100200001002000000,528,7.398855891635034e-43,7.398855891635034e-43
2026-10-06 15:40:09.585,0000009760e1560004000004f0,5693792,7.978701985784929e-39,1.5046334865173417e-36
2026-10-06 15:40:10.099,1f01fcf40ae007f0007e000fe0,-267919350,-1.6820529173256036e+29,6.335153959067374e-30
2026-10-06 15:40:10.612,07f0007e000f79000ff8073300,7933696,1.1117476021219944e-38,3.165774487001727e-08
2026-10-06 15:40:11.125,00006300000000100200001002,268435456,2.524354896707238e-29,2.5243554985603454e-29
2026-10-06 15:40:11.636,0000000000009760e156000400,1620508672,8.704557359781695e+19,1.5086220527830942e-36
2026-10-06 15:40:12.150,0004f01f01fcf40ae007f0007e,183827457,2.3591138655342525e-32,2.204334409562197e-38
2026-10-06 15:40:12.665,000fe007f0007e000f79000ff8,8257776,1.157160882753833e-38,6.334202278840948e-30
2026-10-06 15:40:13.176,07370000006300000000740200,25344,3.5514508279848164e-41,1.7926288850039884e-37
2026-10-06 15:40:13.687,007402000000000000c9d3289d,0,0.0,2.3512875674258638e-14
2026-10-06 15:40:14.198,0004000004f01f01fcf40ae007,18870276,2.9375890543925153e-38,-4.005161979392662e+19
2026-10-06 15:40:14.713,f0007e000fe007f0007e000fe0,-267919345,-1.6820538617989e+29,6.335153959067374e-30
2026-10-06 15:40:15.215,07f040098007fc033700000063,66848640,1.4812950735913785e-36,7.707141553786494e-44
2026-10-06 15:40:15.726,00000000740200007402000000,628,8.800154355959851e-43,8.800154355959851e-43
2026-10-06 15:40:16.237,000000c9d3289d0004000004f0,10299603,1.443281786705528e-38,1.5046334865173417e-36
2026-10-06 15:40:16.753,1f01fcf40ae007f0007e000fe0,-267919350,-1.6820529173256036e+29,6.335153959067374e-30
2026-10-06 15:40:17.258,07f0007e000fe007f040098007,132124416,3.3712590234407795e-34,-8.498146510928567e-40
2026-10-06 15:40:17.769,fc033a0000006300000000d802,6488064,9.09171411964113e-39,-562949953421312.0
2026-10-06 15:40:18.279,0000d8020000000000003f7ef2,0,0.0,6.347063679872973e+37
2026-10-06 15:40:18.795,350004000004f01f01fcf40ae0,535823360,1.0165057111541646e-19,2.3591138655342525e-32
2026-10-06 15:40:19.308,07f0007e000fe007f0007e000f,132124416,3.3712590234407795e-34,1.157160882753833e-38
2026-10-06 15:40:19.819,e007f0007e000f340378c03f3a,873398398,1.3318091873770754e-07,1.5036624670028687
2026-10-06 15:40:20.333,0000006300000000d8020000d8,0,0.0,1.0201452820284668e-42
2026-10-06 15:40:20.846,020000000000003f7ef2350004,1056964608,0.5,4.95427110244189e-39
2026-10-06 15:40:21.360,000004f01f01fcf40ae007f000,-184811233,-1.5972675132243874e+32,-1.6820529173256036e+29
2026-10-06 15:40:21.872,7e000fe007f0007e000fe007f0,2113990663,4.28468691708462e+37,3.3712590234407795e-34
2026-10-06 15:40:22.382,007e000f340378c03f3e000000,-1065876684,-3.8751955032348633,2.232969102901596e-41
2026-10-06 15:40:22.897,63000000003c0300003c030000,211968,2.9703043288600282e-40,2.9703043288600282e-40
2026-10-06 15:40:23.411,00000000764dc02a0004000004,717245814,3.415980063918578e-13,1.4349296274686127e-42
2026-10-06 15:40:23.923,f01f01fcf40ae007f0007e000f,132123380,3.3710211695057303e-34,1.157160882753833e-38
2026-10-06 15:40:24.438,e007f0007e000fe007f0007e00,-535887746,-4.121749794355518e+19,4.28468691708462e+37
2026-10-06 15:40:24.952,0fe007f0001d000ff8073e0000,251665664,6.316472438606817e-30,5.696659410662678e-39
2026-10-06 15:40:25.464,0063000000003c0300003c0300,54263808,5.524823448864751e-37,5.524823448864751e-37
2026-10-06 15:40:25.973,0000000000764dc02a00040000,-1068665344,-3.2103271484375,3.674008391674665e-40
2026-10-06 15:40:26.487,04f01f01fcf40ae007f0007e00,-536152836,-4.005161979392662e+19,4.28468691708462e+37
2026-10-06 15:40:27.000,0fe007f0007e000fe007f0007e,251690496,6.335153959067374e-30,2.204334409562197e-38
2026-10-06 15:40:27.510,000fe007f0001d000ff8074100,1900784,2.663565700213183e-39,8.498061180114746
2026-10-06 15:40:28.027,00006300000000a0030000a003,-1610612736,-1.0842021724855044e-19,-1.0842025602264166e-19
2026-10-06 15:40:28.540,000000000000b65c3802000400,1555431424,4.0982756609071514e+17,1.5047346490560783e-36
2026-10-06 15:40:29.054,0004f01f01fcf40ae007f0007e,183827457,2.3591138655342525e-32,2.204334409562197e-38
2026-10-06 15:40:29.567,000fe007f0007e000fe007f000,8257776,1.157160882753833e-38,-1.6820538617989e+29
2026-10-06 15:40:30.084,7e000fe007f0007e000f7004f0,2113990663,4.28468691708462e+37,2.821875208194675e-36
2026-10-06 15:40:30.598,807f410000006300000000a003,6488064,9.09171411964113e-39,-1.0842021724855044e-19
2026-10-06 15:40:31.111,0000a003000000000000b65c38,0,0.0,4.0982756609071514e+17
2026-10-06 15:40:31.626,020004000004f01f01fcf40ae0,535823360,1.0165057111541646e-19,2.3591138655342525e-32
2026-10-06 15:40:32.138,07f0007e000fe007f0007e000f,132124416,3.3712590234407795e-34,1.157160882753833e-38
2026-10-06 15:40:32.650,e007f0007e000fe007f0007e00,-535887746,-4.121749794355518e+19,4.28468691708462e+37
2026-10-06 15:40:33.160,0f7004f0807f45000000630000,4554624,6.382387616776956e-39,9.09171411964113e-39
2026-10-06 15:40:33.678,00000504000005040000000000,67436544,1.5634074865936424e-36,0.0
2026-10-06 15:40:34.194,00ffa3c2930004000004f01f01,262291,3.675479755062206e-40,1.0165057111541646e-19
2026-10-06 15:40:34.704,fcf40ae007f0007e000fe007f0,2113990663,4.28468691708462e+37,3.3712590234407795e-34
2026-10-06 15:40:35.218,007e000fe007f0007e000fe007,15730656,2.204334409562197e-38,-4.121749794355518e+19
2026-10-06 15:40:35.734,f0007e000fe007f00074000ff8,-267919345,-1.6820538617989e+29,6.333228029122986e-30
2026-10-06 15:40:36.247,07450000006300000000050400,25344,3.5514508279848164e-41,1.5634074865936424e-36
2026-10-06 15:40:36.761,000504000000000000ffa3c293,0,0.0,-81.998046875
2026-10-06 15:40:37.276,0004000004f01f01fcf40ae007,18870276,2.9375890543925153e-38,-4.005161979392662e+19
2026-10-06 15:40:37.791,f0007e000fe007f0007e000fe0,-267919345,-1.6820538617989e+29,6.335153959067374e-30
2026-10-06 15:40:38.304,07f0007e000fe007f0007e000f,132124416,3.3712590234407795e-34,1.157160882753833e-38
2026-10-06 15:40:38.818,e007f00074000ff8074b000000,-133234572,-1.1601681894333313e+34,2.691473960428676e-41
2026-10-06 15:40:39.330,63000000006904000069040000,289024,4.050088873530159e-40,4.050088873530159e-40
2026-10-06 15:40:39.847,000000003254f4790004000004,2046055474,1.585785146621663e+35,1.4349296274686127e-42
2026-10-06 15:40:40.362,f01f01fcf40ae007f0007e000f,132123380,3.3710211695057303e-34,1.157160882753833e-38
2026-10-06 15:40:40.877,e007f0007e000fe007f0007e00,-535887746,-4.121749794355518e+19,4.28468691708462e+37
2026-10-06 15:40:41.393,0fe007f0007e000fe007f0007e,251690496,6.335153959067374e-30,2.204334409562197e-38
2026-10-06 15:40:41.907,000fe007f01006f0807f4b0000,-268037904,-1.6596586998851985e+29,6.933400593724903e-39
2026-10-06 15:40:42.420,00630000000069040000690400,73990144,2.73890183741593e-36,2.73890183741593e-36
2026-10-06 15:40:42.930,00000000003254f47900040000,-195808768,-6.724737881406043e+31,3.6751154174614815e-40
2026-10-06 15:40:43.441,04f01f01fcf40ae007f0007e00,-536152836,-4.005161979392662e+19,4.28468691708462e+37
2026-10-06 15:40:43.957,0fe007f0007e000fe007f0007e,251690496,6.335153959067374e-30,2.204334409562197e-38
2026-10-06 15:40:44.469,000fe007f0007e000fe007f000,8257776,1.157160882753833e-38,-1.6820538617989e+29
2026-10-06 15:40:44.981,7e000fe007f01006f0807f4f00,101773319,2.725973408458363e-35,4286640128.0
2026-10-06 15:40:45.494,00006300000000cc040000cc04,-872415232,-33554432.0,-33554448.0
2026-10-06 15:40:46.010,000000000000800f7e5f000400,260046848,1.262177448353619e-29,1.5090175552616652e-36
2026-10-06 15:40:46.526,0004f01f01fcf40ae007f0007e,183827457,2.3591138655342525e-32,2.204334409562197e-38
2026-10-06 15:40:47.027,000fe007f0007e000fe007f000,8257776,1.157160882753833e-38,-1.6820538617989e+29
2026-10-06 15:40:47.540,7e000fe007f0007e000fe007f0,2113990663,4.28468691708462e+37,3.3712590234407795e-34
2026-10-06 15:40:48.054,007e000fe007f0007e000f3400,15730656,2.204334409562197e-38,1.3318091873770754e-07
